src_id,url,wayback_url,sha256,bytes,retrieved_at,content_type
src_20260927_icj-cij_case-192,https://www.icj-cij.org/case/192,https://web.archive.org/web/20260925095534id_/https://www.icj-cij.org/case/192,f6c81046ac91d07ef8edf314c042f7e14195a829a20b9b116172c875635f9f30,147554,2026-09-27T10:44:24Z,text/html
src_20260927_fts_locations,https://api.hpc.tools/v1/public/location,,,,,
src_20260927_fts_plan-1186-p1,https://api.hpc.tools/v1/public/fts/flow?planid=1186&limit=1000,https://web.archive.org/web/20260927105014id_/https://api.hpc.tools/v1/public/fts/flow?planid=1186&limit=1000,1f3fab30d1da688dc3894cc7204ef4dadfd50d63ecd522e94984fc0a4fb1618b,1255513,2026-09-27T10:50:16Z,application/json
src_20260927_fts_plan-1273-p1,https://api.hpc.tools/v1/public/fts/flow?planid=1273&limit=1000,https://web.archive.org/web/20260927105013id_/https://api.hpc.tools/v1/public/fts/flow?planid=1273&limit=1000,5ca829a5199ccf9e94528b5c52c91f91a67869398af5a87280b27bf2bcf5bbbd,2112584,2026-09-27T10:50:17Z,application/json
src_20260927_fts_plan-1273-p2,https://api.hpc.tools/v1/public/fts/flow?limit=1000&planid=1273&page=2,https://web.archive.org/web/20260927105120id_/https://api.hpc.tools/v1/public/fts/flow?limit=1000&planid=1273&page=2,dd6e9ecbaf3b7b47d8ec57a7854ece817c19680a71ba0f24d3ef0d6a6476a0a7,1881032,2026-09-27T10:51:24Z,application/json
src_20260927_fts_plan-1156-p1,https://api.hpc.tools/v1/public/fts/flow?planid=1156&limit=1000,https://web.archive.org/web/20260927105104id_/https://api.hpc.tools/v1/public/fts/flow?planid=1156&limit=1000,aa650e6676b73a59f8deb5d210c109340b05eb27183d65a97e0c5f3303505e22,2014206,2026-09-27T10:51:24Z,application/json
src_20260927_fts_locations,https://api.hpc.tools/v2/public/location,https://web.archive.org/web/20260927111116id_/https://api.hpc.tools/v2/public/location,ab1dc12b477c29297cec50b77dda7806235f432382a10798f2bd5fe980aadec7,23543,2026-09-27T11:11:21Z,application/json
src_20260927_fts_plan-1186-p1,https://api.hpc.tools/v1/public/fts/flow?planid=1186&limit=1000,https://web.archive.org/web/20260927105014id_/https://api.hpc.tools/v1/public/fts/flow?planid=1186&limit=1000,1f3fab30d1da688dc3894cc7204ef4dadfd50d63ecd522e94984fc0a4fb1618b,1255513,2026-09-27T11:11:29Z,application/json
src_20260927_fts_plan-1156-p1,https://api.hpc.tools/v1/public/fts/flow?planid=1156&limit=1000,https://web.archive.org/web/20260927105104id_/https://api.hpc.tools/v1/public/fts/flow?planid=1156&limit=1000,aa650e6676b73a59f8deb5d210c109340b05eb27183d65a97e0c5f3303505e22,2014206,2026-09-27T11:11:29Z,application/json
src_20260927_worldbank_gni-atlas,https://api.worldbank.org/v2/country/all/indicator/NY.GNP.ATLS.CD?format=json&mrnev=1&per_page=500,https://web.archive.org/web/20260927111226id_/https://api.worldbank.org/v2/country/all/indicator/NY.GNP.ATLS.CD?format=json&mrnev=1&per_page=500,2bd9c00bdd21656d6241a70b4178f427571d069643562f9b58b0807f7fceaccb,55023,2026-09-27T11:12:31Z,application/json
src_20260927_fts_plan-1273-p1,https://api.hpc.tools/v1/public/fts/flow?planid=1273&limit=1000,https://web.archive.org/web/20260927105013id_/https://api.hpc.tools/v1/public/fts/flow?planid=1273&limit=1000,5ca829a5199ccf9e94528b5c52c91f91a67869398af5a87280b27bf2bcf5bbbd,2112584,2026-09-27T11:12:36Z,application/json
src_20260927_worldbank_population,https://api.worldbank.org/v2/country/all/indicator/SP.POP.TOTL?format=json&mrnev=1&per_page=500,https://web.archive.org/web/20260927111333id_/https://api.worldbank.org/v2/country/all/indicator/SP.POP.TOTL?format=json&mrnev=1&per_page=500,9a4740ecb30031dafd5abeb8d09837c8d6d4282ade741bc2ef30fea95229b64a,50532,2026-09-27T11:13:38Z,application/json
src_20260927_fts_plan-1156-p2,https://api.hpc.tools/v1/public/fts/flow?limit=1000&planid=1156&page=2,https://web.archive.org/web/20260927111232id_/https://api.hpc.tools/v1/public/fts/flow?limit=1000&planid=1156&page=2,52590e851c30b62c02e123378ffc7ba3a985ab7c90ddf799db10120e4d44c02b,1748982,2026-09-27T11:13:42Z,application/json
src_20260927_fts_plan-1273-p2,https://api.hpc.tools/v1/public/fts/flow?limit=1000&planid=1273&page=2,https://web.archive.org/web/20260927105120id_/https://api.hpc.tools/v1/public/fts/flow?limit=1000&planid=1273&page=2,dd6e9ecbaf3b7b47d8ec57a7854ece817c19680a71ba0f24d3ef0d6a6476a0a7,1881032,2026-09-27T11:13:43Z,application/json
src_20260927_fts_plan-1510-p1,https://api.hpc.tools/v1/public/fts/flow?planid=1510&limit=1000,https://web.archive.org/web/20260927105155id_/https://api.hpc.tools/v1/public/fts/flow?planid=1510&limit=1000,6eb921039ff59ba604afe7afe16fb05577d874d96ee47e6129733e9da53ba49e,1931457,2026-09-27T11:14:49Z,application/json
src_20260927_fts_plan-1510-p2,https://api.hpc.tools/v1/public/fts/flow?limit=1000&planid=1510&page=2,https://web.archive.org/web/20260927111449id_/https://api.hpc.tools/v1/public/fts/flow?limit=1000&planid=1510&page=2,8732e5672f053289e6dfb4722d4cd71c61ebb3f38b6db058fb11943c3e8590f4,180617,2026-09-27T11:14:55Z,application/json
src_20260927_comtrade_reporters,https://comtradeapi.un.org/files/v1/app/reference/Reporters.json,https://web.archive.org/web/20260927111530id_/https://comtradeapi.un.org/files/v1/app/reference/Reporters.json,f2a1d78949089831c1fc7714e009996887db724a8d5a43379cdc37be9449f74b,80831,2026-09-27T11:15:33Z,application/json
src_20260927_comtrade_availability-deu,"https://comtradeapi.un.org/public/v1/getDA/C/A/HS?reporterCode=276,376&period=2022,2023,2024,2025","https://web.archive.org/web/20260927111535id_/https://comtradeapi.un.org/public/v1/getDA/C/A/HS?reporterCode=276,376&period=2022,2023,2024,2025",af3e08effd010623e542d68eb63b1854babe24ee2e9316dcb48036ce5d923edf,4352,2026-09-27T11:15:41Z,application/json
src_20260927_comtrade_deu-self-2022,"https://comtradeapi.un.org/public/v1/preview/C/A/HS?reporterCode=276&partnerCode=376&period=2022&cmdCode=93,8710,8526,8802,TOTAL&flowCode=X,M&customsCode=C00&motCode=0&partner2Code=0","https://web.archive.org/web/20260927111542id_/https://comtradeapi.un.org/public/v1/preview/C/A/HS?reporterCode=276&partnerCode=376&period=2022&cmdCode=93,8710,8526,8802,TOTAL&flowCode=X,M&customsCode=C00&motCode=0&partner2Code=0",d9dcc8c61ea461cd4eb873d14d9f297d57d9d2dbaa77d4e83d86b001fe858d8a,7221,2026-09-27T11:15:47Z,application/json
src_20260927_comtrade_deu-mirror-2022,"https://comtradeapi.un.org/public/v1/preview/C/A/HS?reporterCode=376&partnerCode=276&period=2022&cmdCode=93,8710,8526,8802,TOTAL&flowCode=X,M&customsCode=C00&motCode=0&partner2Code=0","https://web.archive.org/web/20260927111649id_/https://comtradeapi.un.org/public/v1/preview/C/A/HS?reporterCode=376&partnerCode=276&period=2022&cmdCode=93,8710,8526,8802,TOTAL&flowCode=X,M&customsCode=C00&motCode=0&partner2Code=0",4f1f79a3afc5d1bec98b30e4084146aa19ecdd96f9df1e1d483a46438ac687b1,6301,2026-09-27T11:16:54Z,application/json
src_20260927_comtrade_deu-self-2023,"https://comtradeapi.un.org/public/v1/preview/C/A/HS?reporterCode=276&partnerCode=376&period=2023&cmdCode=93,8710,8526,8802,TOTAL&flowCode=X,M&customsCode=C00&motCode=0&partner2Code=0","https://web.archive.org/web/20260927111655id_/https://comtradeapi.un.org/public/v1/preview/C/A/HS?reporterCode=276&partnerCode=376&period=2023&cmdCode=93,8710,8526,8802,TOTAL&flowCode=X,M&customsCode=C00&motCode=0&partner2Code=0",e59fc00439c75ec41d787c70bac3b14bbed7cfe4a9fafcc5d7df88f856dc5f2c,7226,2026-09-27T11:16:59Z,application/json
src_20260927_comtrade_deu-mirror-2023,"https://comtradeapi.un.org/public/v1/preview/C/A/HS?reporterCode=376&partnerCode=276&period=2023&cmdCode=93,8710,8526,8802,TOTAL&flowCode=X,M&customsCode=C00&motCode=0&partner2Code=0","https://web.archive.org/web/20260927111723id_/https://comtradeapi.un.org/public/v1/preview/C/A/HS?reporterCode=376&partnerCode=276&period=2023&cmdCode=93,8710,8526,8802,TOTAL&flowCode=X,M&customsCode=C00&motCode=0&partner2Code=0",1b2007c973f5b2feee6a7d6bc0777768834fe621bdcf78709838971d0ac7141f,7203,2026-09-27T11:17:26Z,application/json
src_20260927_comtrade_deu-self-2024,"https://comtradeapi.un.org/public/v1/preview/C/A/HS?reporterCode=276&partnerCode=376&period=2024&cmdCode=93,8710,8526,8802,TOTAL&flowCode=X,M&customsCode=C00&motCode=0&partner2Code=0","https://web.archive.org/web/20260927111728id_/https://comtradeapi.un.org/public/v1/preview/C/A/HS?reporterCode=276&partnerCode=376&period=2024&cmdCode=93,8710,8526,8802,TOTAL&flowCode=X,M&customsCode=C00&motCode=0&partner2Code=0",44c57f6c93a588e9c3eca8acec058beebf45ec76eb1eafa3ccce61794d1347e9,7229,2026-09-27T11:17:32Z,application/json
src_20260927_comtrade_deu-mirror-2024,"https://comtradeapi.un.org/public/v1/preview/C/A/HS?reporterCode=376&partnerCode=276&period=2024&cmdCode=93,8710,8526,8802,TOTAL&flowCode=X,M&customsCode=C00&motCode=0&partner2Code=0","https://web.archive.org/web/20260927111734id_/https://comtradeapi.un.org/public/v1/preview/C/A/HS?reporterCode=376&partnerCode=276&period=2024&cmdCode=93,8710,8526,8802,TOTAL&flowCode=X,M&customsCode=C00&motCode=0&partner2Code=0",f4fe67cf90734c9b4dca5d8214659d5f6f3ca9d6c79f7068305fa3e33034aae1,6315,2026-09-27T11:17:39Z,application/json
src_20260927_comtrade_deu-self-2025,"https://comtradeapi.un.org/public/v1/preview/C/A/HS?reporterCode=276&partnerCode=376&period=2025&cmdCode=93,8710,8526,8802,TOTAL&flowCode=X,M&customsCode=C00&motCode=0&partner2Code=0","https://web.archive.org/web/20260927111841id_/https://comtradeapi.un.org/public/v1/preview/C/A/HS?reporterCode=276&partnerCode=376&period=2025&cmdCode=93,8710,8526,8802,TOTAL&flowCode=X,M&customsCode=C00&motCode=0&partner2Code=0",afcfeddacee2e49cbf43d46713ad26eb90e346162b9bffb754bacb92db5ba5f1,6330,2026-09-27T11:18:46Z,application/json
src_20260927_comtrade_deu-mirror-2025,"https://comtradeapi.un.org/public/v1/preview/C/A/HS?reporterCode=376&partnerCode=276&period=2025&cmdCode=93,8710,8526,8802,TOTAL&flowCode=X,M&customsCode=C00&motCode=0&partner2Code=0","https://web.archive.org/web/20260927111848id_/https://comtradeapi.un.org/public/v1/preview/C/A/HS?reporterCode=376&partnerCode=276&period=2025&cmdCode=93,8710,8526,8802,TOTAL&flowCode=X,M&customsCode=C00&motCode=0&partner2Code=0",3755ebbcc768009f09e33e69178d3b28708e89d0b85d622aa68a2b32cfe60929,7199,2026-09-27T11:18:53Z,application/json
