iso3,window_start,window_end,release_date,usd_total,usd_2022,reporter,retrieved_at,source
DEU,2022-01-01,2022-12-31,2023-02-23,8955764000,8955764000,mirror,2026-09-27T11:18:56Z,src_20260927_comtrade_deu-mirror-2022;src_20260927_comtrade_reporters;src_20260927_comtrade_availability-deu
DEU,2022-01-01,2022-12-31,2023-02-20,9075063418,9075063418,self,2026-09-27T11:18:56Z,src_20260927_comtrade_deu-self-2022;src_20260927_comtrade_reporters;src_20260927_comtrade_availability-deu
DEU,2023-01-01,2023-12-31,2024-03-08,7767194000,8955764000,mirror,2026-09-27T11:18:56Z,src_20260927_comtrade_deu-mirror-2023;src_20260927_comtrade_deu-mirror-2022;src_20260927_comtrade_reporters;src_20260927_comtrade_availability-deu
DEU,2023-01-01,2023-12-31,2024-02-21,8779017278,9075063418,self,2026-09-27T11:18:56Z,src_20260927_comtrade_deu-self-2023;src_20260927_comtrade_deu-self-2022;src_20260927_comtrade_reporters;src_20260927_comtrade_availability-deu
DEU,2024-01-01,2024-12-31,2025-02-21,8676909000,8955764000,mirror,2026-09-27T11:18:56Z,src_20260927_comtrade_deu-mirror-2024;src_20260927_comtrade_deu-mirror-2022;src_20260927_comtrade_reporters;src_20260927_comtrade_availability-deu
DEU,2024-01-01,2024-12-31,2025-03-18,8593519473,9075063418,self,2026-09-27T11:18:56Z,src_20260927_comtrade_deu-self-2024;src_20260927_comtrade_deu-self-2022;src_20260927_comtrade_reporters;src_20260927_comtrade_availability-deu
DEU,2025-01-01,2025-12-31,2026-05-14,8943154000,8955764000,mirror,2026-09-27T11:18:56Z,src_20260927_comtrade_deu-mirror-2025;src_20260927_comtrade_deu-mirror-2022;src_20260927_comtrade_reporters;src_20260927_comtrade_availability-deu
DEU,2025-01-01,2025-12-31,2026-05-20,9885458786,9075063418,self,2026-09-27T11:18:56Z,src_20260927_comtrade_deu-self-2025;src_20260927_comtrade_deu-self-2022;src_20260927_comtrade_reporters;src_20260927_comtrade_availability-deu
ESP,2022-01-01,2022-12-31,2023-02-23,3308575000,3308575000,mirror,2026-09-28T06:43:16Z,src_20260928_comtrade_mirror-2022-usa-aze-44;src_20260928_comtrade_reporters;src_20260928_comtrade_availability-usa-gbr-fra-esp-irl-zaf-tur
ESP,2022-01-01,2022-12-31,2023-02-28,3387337681,3387337681,self,2026-09-28T06:43:16Z,src_20260928_comtrade_esp-self-2022;src_20260928_comtrade_reporters;src_20260928_comtrade_availability-usa-gbr-fra-esp-irl-zaf-tur
ESP,2023-01-01,2023-12-31,2024-03-08,2858009000,3308575000,mirror,2026-09-28T06:43:16Z,src_20260928_comtrade_mirror-2023-usa-aze-44;src_20260928_comtrade_mirror-2022-usa-aze-44;src_20260928_comtrade_reporters;src_20260928_comtrade_availability-usa-gbr-fra-esp-irl-zaf-tur
ESP,2023-01-01,2023-12-31,2024-05-02,3103245050,3387337681,self,2026-09-28T06:43:16Z,src_20260928_comtrade_esp-self-2023;src_20260928_comtrade_esp-self-2022;src_20260928_comtrade_reporters;src_20260928_comtrade_availability-usa-gbr-fra-esp-irl-zaf-tur
ESP,2024-01-01,2024-12-31,2025-02-21,3087420000,3308575000,mirror,2026-09-28T06:43:16Z,src_20260928_comtrade_mirror-2024-usa-aze-44;src_20260928_comtrade_mirror-2022-usa-aze-44;src_20260928_comtrade_reporters;src_20260928_comtrade_availability-usa-gbr-fra-esp-irl-zaf-tur
ESP,2024-01-01,2024-12-31,2025-03-30,2725876632,3387337681,self,2026-09-28T06:43:16Z,src_20260928_comtrade_esp-self-2024;src_20260928_comtrade_esp-self-2022;src_20260928_comtrade_reporters;src_20260928_comtrade_availability-usa-gbr-fra-esp-irl-zaf-tur
ESP,2025-01-01,2025-12-31,2026-05-14,2913492000,3308575000,mirror,2026-09-28T06:43:16Z,src_20260928_comtrade_mirror-2025-usa-aze-44;src_20260928_comtrade_mirror-2022-usa-aze-44;src_20260928_comtrade_reporters;src_20260928_comtrade_availability-usa-gbr-fra-esp-irl-zaf-tur
ESP,2025-01-01,2025-12-31,2026-04-17,2793474105,3387337681,self,2026-09-28T06:43:16Z,src_20260928_comtrade_esp-self-2025;src_20260928_comtrade_esp-self-2022;src_20260928_comtrade_reporters;src_20260928_comtrade_availability-usa-gbr-fra-esp-irl-zaf-tur
FRA,2022-01-01,2022-12-31,2023-02-23,5635878000,5635878000,mirror,2026-09-28T07:37:52Z,src_20260928_comtrade_mirror-2022-fra-aze-41;src_20260928_comtrade_reporters;src_20260928_comtrade_availability-fra-irl-zaf-tur-egy-ind-ita
FRA,2022-01-01,2022-12-31,2023-05-03,3828806435,3828806435,self,2026-09-28T07:37:52Z,src_20260928_comtrade_fra-self-2022;src_20260928_comtrade_reporters;src_20260928_comtrade_availability-fra-irl-zaf-tur-egy-ind-ita
FRA,2023-01-01,2023-12-31,2024-03-08,3523913000,5635878000,mirror,2026-09-28T07:37:52Z,src_20260928_comtrade_mirror-2023-fra-aze-41;src_20260928_comtrade_mirror-2022-fra-aze-41;src_20260928_comtrade_reporters;src_20260928_comtrade_availability-fra-irl-zaf-tur-egy-ind-ita
FRA,2023-01-01,2023-12-31,2024-05-21,3598898903,3828806435,self,2026-09-28T07:37:52Z,src_20260928_comtrade_fra-self-2023;src_20260928_comtrade_fra-self-2022;src_20260928_comtrade_reporters;src_20260928_comtrade_availability-fra-irl-zaf-tur-egy-ind-ita
FRA,2024-01-01,2024-12-31,2025-02-21,4026706000,5635878000,mirror,2026-09-28T07:37:52Z,src_20260928_comtrade_mirror-2024-fra-aze-41;src_20260928_comtrade_mirror-2022-fra-aze-41;src_20260928_comtrade_reporters;src_20260928_comtrade_availability-fra-irl-zaf-tur-egy-ind-ita
FRA,2024-01-01,2024-12-31,2025-06-20,3285240729,3828806435,self,2026-09-28T07:37:52Z,src_20260928_comtrade_fra-self-2024;src_20260928_comtrade_fra-self-2022;src_20260928_comtrade_reporters;src_20260928_comtrade_availability-fra-irl-zaf-tur-egy-ind-ita
FRA,2025-01-01,2025-12-31,2026-05-14,3794372000,5635878000,mirror,2026-09-28T07:37:52Z,src_20260928_comtrade_mirror-2025-fra-aze-41;src_20260928_comtrade_mirror-2022-fra-aze-41;src_20260928_comtrade_reporters;src_20260928_comtrade_availability-fra-irl-zaf-tur-egy-ind-ita
FRA,2025-01-01,2025-12-31,2026-07-16,3621056312,3828806435,self,2026-09-28T07:37:52Z,src_20260928_comtrade_fra-self-2025;src_20260928_comtrade_fra-self-2022;src_20260928_comtrade_reporters;src_20260928_comtrade_availability-fra-irl-zaf-tur-egy-ind-ita
GBR,2022-01-01,2022-12-31,2023-02-23,6308138000,6308138000,mirror,2026-09-28T06:36:01Z,src_20260928_comtrade_mirror-2022-usa-aze-44;src_20260928_comtrade_reporters;src_20260928_comtrade_availability-usa-gbr-fra-esp-irl-zaf-tur
GBR,2022-01-01,2022-12-31,2023-03-03,5186780482,5186780482,self,2026-09-28T06:36:01Z,src_20260928_comtrade_gbr-self-2022;src_20260928_comtrade_reporters;src_20260928_comtrade_availability-usa-gbr-fra-esp-irl-zaf-tur
GBR,2023-01-01,2023-12-31,2024-03-08,4155791000,6308138000,mirror,2026-09-28T06:36:01Z,src_20260928_comtrade_mirror-2023-usa-aze-44;src_20260928_comtrade_mirror-2022-usa-aze-44;src_20260928_comtrade_reporters;src_20260928_comtrade_availability-usa-gbr-fra-esp-irl-zaf-tur
GBR,2023-01-01,2023-12-31,2024-03-06,3983170603,5186780482,self,2026-09-28T06:36:01Z,src_20260928_comtrade_gbr-self-2023;src_20260928_comtrade_gbr-self-2022;src_20260928_comtrade_reporters;src_20260928_comtrade_availability-usa-gbr-fra-esp-irl-zaf-tur
GBR,2024-01-01,2024-12-31,2025-02-21,4126088000,6308138000,mirror,2026-09-28T06:36:01Z,src_20260928_comtrade_mirror-2024-usa-aze-44;src_20260928_comtrade_mirror-2022-usa-aze-44;src_20260928_comtrade_reporters;src_20260928_comtrade_availability-usa-gbr-fra-esp-irl-zaf-tur
GBR,2024-01-01,2024-12-31,2025-02-28,3666836006,5186780482,self,2026-09-28T06:36:01Z,src_20260928_comtrade_gbr-self-2024;src_20260928_comtrade_gbr-self-2022;src_20260928_comtrade_reporters;src_20260928_comtrade_availability-usa-gbr-fra-esp-irl-zaf-tur
GBR,2025-01-01,2025-12-31,2026-05-14,3620274000,6308138000,mirror,2026-09-28T06:36:01Z,src_20260928_comtrade_mirror-2025-usa-aze-44;src_20260928_comtrade_mirror-2022-usa-aze-44;src_20260928_comtrade_reporters;src_20260928_comtrade_availability-usa-gbr-fra-esp-irl-zaf-tur
GBR,2025-01-01,2025-12-31,2026-03-10,3736996683,5186780482,self,2026-09-28T06:36:01Z,src_20260928_comtrade_gbr-self-2025;src_20260928_comtrade_gbr-self-2022;src_20260928_comtrade_reporters;src_20260928_comtrade_availability-usa-gbr-fra-esp-irl-zaf-tur
IRL,2022-01-01,2022-12-31,2023-02-23,4496077000,4496077000,mirror,2026-09-28T07:39:17Z,src_20260928_comtrade_mirror-2022-fra-aze-41;src_20260928_comtrade_reporters;src_20260928_comtrade_availability-fra-irl-zaf-tur-egy-ind-ita
IRL,2022-01-01,2022-12-31,2023-03-05,6197378298,6197378298,self,2026-09-28T07:39:17Z,src_20260928_comtrade_irl-self-2022;src_20260928_comtrade_reporters;src_20260928_comtrade_availability-fra-irl-zaf-tur-egy-ind-ita
IRL,2023-01-01,2023-12-31,2024-03-08,4221540000,4496077000,mirror,2026-09-28T07:39:17Z,src_20260928_comtrade_mirror-2023-fra-aze-41;src_20260928_comtrade_mirror-2022-fra-aze-41;src_20260928_comtrade_reporters;src_20260928_comtrade_availability-fra-irl-zaf-tur-egy-ind-ita
IRL,2023-01-01,2023-12-31,2024-04-12,4465968225,6197378298,self,2026-09-28T07:39:17Z,src_20260928_comtrade_irl-self-2023;src_20260928_comtrade_irl-self-2022;src_20260928_comtrade_reporters;src_20260928_comtrade_availability-fra-irl-zaf-tur-egy-ind-ita
IRL,2024-01-01,2024-12-31,2025-02-21,5471863000,4496077000,mirror,2026-09-28T07:39:17Z,src_20260928_comtrade_mirror-2024-fra-aze-41;src_20260928_comtrade_mirror-2022-fra-aze-41;src_20260928_comtrade_reporters;src_20260928_comtrade_availability-fra-irl-zaf-tur-egy-ind-ita
IRL,2024-01-01,2024-12-31,2025-03-21,5752087353,6197378298,self,2026-09-28T07:39:17Z,src_20260928_comtrade_irl-self-2024;src_20260928_comtrade_irl-self-2022;src_20260928_comtrade_reporters;src_20260928_comtrade_availability-fra-irl-zaf-tur-egy-ind-ita
IRL,2025-01-01,2025-12-31,2026-05-14,2386833000,4496077000,mirror,2026-09-28T07:39:17Z,src_20260928_comtrade_mirror-2025-fra-aze-41;src_20260928_comtrade_mirror-2022-fra-aze-41;src_20260928_comtrade_reporters;src_20260928_comtrade_availability-fra-irl-zaf-tur-egy-ind-ita
IRL,2025-01-01,2025-12-31,2026-06-03,5364042462,6197378298,self,2026-09-28T07:39:17Z,src_20260928_comtrade_irl-self-2025;src_20260928_comtrade_irl-self-2022;src_20260928_comtrade_reporters;src_20260928_comtrade_availability-fra-irl-zaf-tur-egy-ind-ita
USA,2022-01-01,2022-12-31,2023-02-23,28280197000,28280197000,mirror,2026-09-28T06:33:25Z,src_20260928_comtrade_mirror-2022-usa-aze-44;src_20260928_comtrade_reporters;src_20260928_comtrade_availability-usa-gbr-fra-esp-irl-zaf-tur
USA,2022-01-01,2022-12-31,2023-03-09,36098057739,36098057739,self,2026-09-28T06:33:25Z,src_20260928_comtrade_usa-self-2022;src_20260928_comtrade_reporters;src_20260928_comtrade_availability-usa-gbr-fra-esp-irl-zaf-tur
USA,2023-01-01,2023-12-31,2024-03-08,27018844000,28280197000,mirror,2026-09-28T06:33:25Z,src_20260928_comtrade_mirror-2023-usa-aze-44;src_20260928_comtrade_mirror-2022-usa-aze-44;src_20260928_comtrade_reporters;src_20260928_comtrade_availability-usa-gbr-fra-esp-irl-zaf-tur
USA,2023-01-01,2023-12-31,2024-02-11,35195373728,36098057739,self,2026-09-28T06:33:25Z,src_20260928_comtrade_usa-self-2023;src_20260928_comtrade_usa-self-2022;src_20260928_comtrade_reporters;src_20260928_comtrade_availability-usa-gbr-fra-esp-irl-zaf-tur
USA,2024-01-01,2024-12-31,2025-02-21,26354578000,28280197000,mirror,2026-09-28T06:33:25Z,src_20260928_comtrade_mirror-2024-usa-aze-44;src_20260928_comtrade_mirror-2022-usa-aze-44;src_20260928_comtrade_reporters;src_20260928_comtrade_availability-usa-gbr-fra-esp-irl-zaf-tur
USA,2024-01-01,2024-12-31,2025-02-08,37312603100,36098057739,self,2026-09-28T06:33:25Z,src_20260928_comtrade_usa-self-2024;src_20260928_comtrade_usa-self-2022;src_20260928_comtrade_reporters;src_20260928_comtrade_availability-usa-gbr-fra-esp-irl-zaf-tur
USA,2025-01-01,2025-12-31,2026-05-14,26148231000,28280197000,mirror,2026-09-28T06:33:25Z,src_20260928_comtrade_mirror-2025-usa-aze-44;src_20260928_comtrade_mirror-2022-usa-aze-44;src_20260928_comtrade_reporters;src_20260928_comtrade_availability-usa-gbr-fra-esp-irl-zaf-tur
USA,2025-01-01,2025-12-31,2026-04-22,34617802618,36098057739,self,2026-09-28T06:33:25Z,src_20260928_comtrade_usa-self-2025;src_20260928_comtrade_usa-self-2022;src_20260928_comtrade_reporters;src_20260928_comtrade_availability-usa-gbr-fra-esp-irl-zaf-tur
ZAF,2022-01-01,2022-12-31,2023-02-23,322983000,322983000,mirror,2026-09-28T07:40:48Z,src_20260928_comtrade_mirror-2022-fra-aze-41;src_20260928_comtrade_reporters;src_20260928_comtrade_availability-fra-irl-zaf-tur-egy-ind-ita
ZAF,2022-01-01,2022-12-31,2023-02-08,594689449,594689449,self,2026-09-28T07:40:48Z,src_20260928_comtrade_zaf-self-2022;src_20260928_comtrade_reporters;src_20260928_comtrade_availability-fra-irl-zaf-tur-egy-ind-ita
ZAF,2023-01-01,2023-12-31,2024-03-08,308221000,322983000,mirror,2026-09-28T07:40:48Z,src_20260928_comtrade_mirror-2023-fra-aze-41;src_20260928_comtrade_mirror-2022-fra-aze-41;src_20260928_comtrade_reporters;src_20260928_comtrade_availability-fra-irl-zaf-tur-egy-ind-ita
ZAF,2023-01-01,2023-12-31,2024-02-06,403955865,594689449,self,2026-09-28T07:40:48Z,src_20260928_comtrade_zaf-self-2023;src_20260928_comtrade_zaf-self-2022;src_20260928_comtrade_reporters;src_20260928_comtrade_availability-fra-irl-zaf-tur-egy-ind-ita
ZAF,2024-01-01,2024-12-31,2025-02-21,314284000,322983000,mirror,2026-09-28T07:40:48Z,src_20260928_comtrade_mirror-2024-fra-aze-41;src_20260928_comtrade_mirror-2022-fra-aze-41;src_20260928_comtrade_reporters;src_20260928_comtrade_availability-fra-irl-zaf-tur-egy-ind-ita
ZAF,2024-01-01,2024-12-31,2025-02-19,337347699,594689449,self,2026-09-28T07:40:48Z,src_20260928_comtrade_zaf-self-2024;src_20260928_comtrade_zaf-self-2022;src_20260928_comtrade_reporters;src_20260928_comtrade_availability-fra-irl-zaf-tur-egy-ind-ita
ZAF,2025-01-01,2025-12-31,2026-05-14,264046000,322983000,mirror,2026-09-28T07:40:48Z,src_20260928_comtrade_mirror-2025-fra-aze-41;src_20260928_comtrade_mirror-2022-fra-aze-41;src_20260928_comtrade_reporters;src_20260928_comtrade_availability-fra-irl-zaf-tur-egy-ind-ita
ZAF,2025-01-01,2025-12-31,2026-02-10,409105158,594689449,self,2026-09-28T07:40:48Z,src_20260928_comtrade_zaf-self-2025;src_20260928_comtrade_zaf-self-2022;src_20260928_comtrade_reporters;src_20260928_comtrade_availability-fra-irl-zaf-tur-egy-ind-ita
