iso3,window_start,window_end,release_date,hs,usd,reporter,retrieved_at,source
DEU,2022-01-01,2022-12-31,2023-02-23,8526,9328000,mirror,2026-09-27T11:18:56Z,src_20260927_comtrade_deu-mirror-2022;src_20260927_comtrade_reporters;src_20260927_comtrade_availability-deu
DEU,2022-01-01,2022-12-31,2023-02-20,8526,3296431,self,2026-09-27T11:18:56Z,src_20260927_comtrade_deu-self-2022;src_20260927_comtrade_reporters;src_20260927_comtrade_availability-deu
DEU,2022-01-01,2022-12-31,2023-02-20,8802,6136616,self,2026-09-27T11:18:56Z,src_20260927_comtrade_deu-self-2022;src_20260927_comtrade_reporters;src_20260927_comtrade_availability-deu
DEU,2022-01-01,2022-12-31,2023-02-23,93,87000,mirror,2026-09-27T11:18:56Z,src_20260927_comtrade_deu-mirror-2022;src_20260927_comtrade_reporters;src_20260927_comtrade_availability-deu
DEU,2022-01-01,2022-12-31,2023-02-20,93,409117,self,2026-09-27T11:18:56Z,src_20260927_comtrade_deu-self-2022;src_20260927_comtrade_reporters;src_20260927_comtrade_availability-deu
DEU,2023-01-01,2023-12-31,2024-03-08,8526,5152000,mirror,2026-09-27T11:18:56Z,src_20260927_comtrade_deu-mirror-2023;src_20260927_comtrade_reporters;src_20260927_comtrade_availability-deu
DEU,2023-01-01,2023-12-31,2024-02-21,8526,4098827,self,2026-09-27T11:18:56Z,src_20260927_comtrade_deu-self-2023;src_20260927_comtrade_reporters;src_20260927_comtrade_availability-deu
DEU,2023-01-01,2023-12-31,2024-03-08,8802,6995000,mirror,2026-09-27T11:18:56Z,src_20260927_comtrade_deu-mirror-2023;src_20260927_comtrade_reporters;src_20260927_comtrade_availability-deu
DEU,2023-01-01,2023-12-31,2024-02-21,8802,15542500,self,2026-09-27T11:18:56Z,src_20260927_comtrade_deu-self-2023;src_20260927_comtrade_reporters;src_20260927_comtrade_availability-deu
DEU,2023-01-01,2023-12-31,2024-03-08,93,143000,mirror,2026-09-27T11:18:56Z,src_20260927_comtrade_deu-mirror-2023;src_20260927_comtrade_reporters;src_20260927_comtrade_availability-deu
DEU,2023-01-01,2023-12-31,2024-02-21,93,250084,self,2026-09-27T11:18:56Z,src_20260927_comtrade_deu-self-2023;src_20260927_comtrade_reporters;src_20260927_comtrade_availability-deu
DEU,2024-01-01,2024-12-31,2025-02-21,8526,7890000,mirror,2026-09-27T11:18:56Z,src_20260927_comtrade_deu-mirror-2024;src_20260927_comtrade_reporters;src_20260927_comtrade_availability-deu
DEU,2024-01-01,2024-12-31,2025-03-18,8526,4895091,self,2026-09-27T11:18:56Z,src_20260927_comtrade_deu-self-2024;src_20260927_comtrade_reporters;src_20260927_comtrade_availability-deu
DEU,2024-01-01,2024-12-31,2025-03-18,8802,2206285,self,2026-09-27T11:18:56Z,src_20260927_comtrade_deu-self-2024;src_20260927_comtrade_reporters;src_20260927_comtrade_availability-deu
DEU,2024-01-01,2024-12-31,2025-02-21,93,178000,mirror,2026-09-27T11:18:56Z,src_20260927_comtrade_deu-mirror-2024;src_20260927_comtrade_reporters;src_20260927_comtrade_availability-deu
DEU,2024-01-01,2024-12-31,2025-03-18,93,568621,self,2026-09-27T11:18:56Z,src_20260927_comtrade_deu-self-2024;src_20260927_comtrade_reporters;src_20260927_comtrade_availability-deu
DEU,2025-01-01,2025-12-31,2026-05-14,8526,6588000,mirror,2026-09-27T11:18:56Z,src_20260927_comtrade_deu-mirror-2025;src_20260927_comtrade_reporters;src_20260927_comtrade_availability-deu
DEU,2025-01-01,2025-12-31,2026-05-20,8526,5275558,self,2026-09-27T11:18:56Z,src_20260927_comtrade_deu-self-2025;src_20260927_comtrade_reporters;src_20260927_comtrade_availability-deu
DEU,2025-01-01,2025-12-31,2026-05-14,8802,966000,mirror,2026-09-27T11:18:56Z,src_20260927_comtrade_deu-mirror-2025;src_20260927_comtrade_reporters;src_20260927_comtrade_availability-deu
DEU,2025-01-01,2025-12-31,2026-05-20,8802,2207286,self,2026-09-27T11:18:56Z,src_20260927_comtrade_deu-self-2025;src_20260927_comtrade_reporters;src_20260927_comtrade_availability-deu
DEU,2025-01-01,2025-12-31,2026-05-14,93,685000,mirror,2026-09-27T11:18:56Z,src_20260927_comtrade_deu-mirror-2025;src_20260927_comtrade_reporters;src_20260927_comtrade_availability-deu
DEU,2025-01-01,2025-12-31,2026-05-20,93,649550,self,2026-09-27T11:18:56Z,src_20260927_comtrade_deu-self-2025;src_20260927_comtrade_reporters;src_20260927_comtrade_availability-deu
