iso3,plan_id,usd_paid_committed,flows,retrieved_at,source
ARE,1156,218683946,51,2026-09-27T11:14:55Z,src_20260927_fts_plan-1156-p1;src_20260927_fts_plan-1156-p2;src_20260927_fts_locations
ARE,1186,59365244,6,2026-09-27T11:14:55Z,src_20260927_fts_plan-1186-p1;src_20260927_fts_locations
ARE,1273,314005844,16,2026-09-27T11:14:55Z,src_20260927_fts_plan-1273-p1;src_20260927_fts_plan-1273-p2;src_20260927_fts_locations
ARE,1510,481495889,7,2026-09-27T11:14:55Z,src_20260927_fts_plan-1510-p1;src_20260927_fts_plan-1510-p2;src_20260927_fts_locations
AUS,1156,17800088,6,2026-09-27T11:14:55Z,src_20260927_fts_plan-1156-p1;src_20260927_fts_plan-1156-p2;src_20260927_fts_locations
AUS,1186,21496597,8,2026-09-27T11:14:55Z,src_20260927_fts_plan-1186-p1;src_20260927_fts_locations
AUS,1273,16733526,6,2026-09-27T11:14:55Z,src_20260927_fts_plan-1273-p1;src_20260927_fts_plan-1273-p2;src_20260927_fts_locations
AUS,1510,10655294,15,2026-09-27T11:14:55Z,src_20260927_fts_plan-1510-p1;src_20260927_fts_plan-1510-p2;src_20260927_fts_locations
AUT,1156,7965775,4,2026-09-27T11:14:55Z,src_20260927_fts_plan-1156-p1;src_20260927_fts_plan-1156-p2;src_20260927_fts_locations
AUT,1273,2640845,3,2026-09-27T11:14:55Z,src_20260927_fts_plan-1273-p1;src_20260927_fts_plan-1273-p2;src_20260927_fts_locations
AUT,1510,5792519,2,2026-09-27T11:14:55Z,src_20260927_fts_plan-1510-p1;src_20260927_fts_plan-1510-p2;src_20260927_fts_locations
BEL,1156,15584271,7,2026-09-27T11:14:55Z,src_20260927_fts_plan-1156-p1;src_20260927_fts_plan-1156-p2;src_20260927_fts_locations
BEL,1186,3760193,3,2026-09-27T11:14:55Z,src_20260927_fts_plan-1186-p1;src_20260927_fts_locations
BEL,1273,13115493,6,2026-09-27T11:14:55Z,src_20260927_fts_plan-1273-p1;src_20260927_fts_plan-1273-p2;src_20260927_fts_locations
BEL,1510,15855686,9,2026-09-27T11:14:55Z,src_20260927_fts_plan-1510-p1;src_20260927_fts_plan-1510-p2;src_20260927_fts_locations
BGD,1156,10000,1,2026-09-27T11:14:55Z,src_20260927_fts_plan-1156-p1;src_20260927_fts_plan-1156-p2;src_20260927_fts_locations
BGR,1156,218998,2,2026-09-27T11:14:55Z,src_20260927_fts_plan-1156-p1;src_20260927_fts_plan-1156-p2;src_20260927_fts_locations
BGR,1273,57937,1,2026-09-27T11:14:55Z,src_20260927_fts_plan-1273-p1;src_20260927_fts_plan-1273-p2;src_20260927_fts_locations
BGR,1510,247696,4,2026-09-27T11:14:55Z,src_20260927_fts_plan-1510-p1;src_20260927_fts_plan-1510-p2;src_20260927_fts_locations
BRN,1273,100000,1,2026-09-27T11:14:55Z,src_20260927_fts_plan-1273-p1;src_20260927_fts_plan-1273-p2;src_20260927_fts_locations
CAN,1156,54523144,18,2026-09-27T11:14:55Z,src_20260927_fts_plan-1156-p1;src_20260927_fts_plan-1156-p2;src_20260927_fts_locations
CAN,1186,32071820,7,2026-09-27T11:14:55Z,src_20260927_fts_plan-1186-p1;src_20260927_fts_locations
CAN,1273,56540579,22,2026-09-27T11:14:55Z,src_20260927_fts_plan-1273-p1;src_20260927_fts_plan-1273-p2;src_20260927_fts_locations
CAN,1510,63989573,18,2026-09-27T11:14:55Z,src_20260927_fts_plan-1510-p1;src_20260927_fts_plan-1510-p2;src_20260927_fts_locations
CHE,1156,50665297,22,2026-09-27T11:14:55Z,src_20260927_fts_plan-1156-p1;src_20260927_fts_plan-1156-p2;src_20260927_fts_locations
CHE,1186,51985505,11,2026-09-27T11:14:55Z,src_20260927_fts_plan-1186-p1;src_20260927_fts_locations
CHE,1273,39267251,36,2026-09-27T11:14:55Z,src_20260927_fts_plan-1273-p1;src_20260927_fts_plan-1273-p2;src_20260927_fts_locations
CHE,1510,14034668,20,2026-09-27T11:14:55Z,src_20260927_fts_plan-1510-p1;src_20260927_fts_plan-1510-p2;src_20260927_fts_locations
CHL,1156,100000,1,2026-09-27T11:14:55Z,src_20260927_fts_plan-1156-p1;src_20260927_fts_plan-1156-p2;src_20260927_fts_locations
CHL,1273,100000,2,2026-09-27T11:14:55Z,src_20260927_fts_plan-1273-p1;src_20260927_fts_plan-1273-p2;src_20260927_fts_locations
CHN,1156,2000000,2,2026-09-27T11:14:55Z,src_20260927_fts_plan-1156-p1;src_20260927_fts_plan-1156-p2;src_20260927_fts_locations
CHN,1186,1000000,1,2026-09-27T11:14:55Z,src_20260927_fts_plan-1186-p1;src_20260927_fts_locations
CHN,1510,3967421,3,2026-09-27T11:14:55Z,src_20260927_fts_plan-1510-p1;src_20260927_fts_plan-1510-p2;src_20260927_fts_locations
COL,1156,382023,1,2026-09-27T11:14:55Z,src_20260927_fts_plan-1156-p1;src_20260927_fts_plan-1156-p2;src_20260927_fts_locations
COL,1186,160000,2,2026-09-27T11:14:55Z,src_20260927_fts_plan-1186-p1;src_20260927_fts_locations
CYP,1156,32362,1,2026-09-27T11:14:55Z,src_20260927_fts_plan-1156-p1;src_20260927_fts_plan-1156-p2;src_20260927_fts_locations
CYP,1186,468090,3,2026-09-27T11:14:55Z,src_20260927_fts_plan-1186-p1;src_20260927_fts_locations
CYP,1273,803335,2,2026-09-27T11:14:55Z,src_20260927_fts_plan-1273-p1;src_20260927_fts_plan-1273-p2;src_20260927_fts_locations
CYP,1510,768235,1,2026-09-27T11:14:55Z,src_20260927_fts_plan-1510-p1;src_20260927_fts_plan-1510-p2;src_20260927_fts_locations
CZE,1156,649292,2,2026-09-27T11:14:55Z,src_20260927_fts_plan-1156-p1;src_20260927_fts_plan-1156-p2;src_20260927_fts_locations
CZE,1273,1621646,7,2026-09-27T11:14:55Z,src_20260927_fts_plan-1273-p1;src_20260927_fts_plan-1273-p2;src_20260927_fts_locations
DEU,1156,212799089,27,2026-09-27T11:14:55Z,src_20260927_fts_plan-1156-p1;src_20260927_fts_plan-1156-p2;src_20260927_fts_locations
DEU,1186,48961319,14,2026-09-27T11:14:55Z,src_20260927_fts_plan-1186-p1;src_20260927_fts_locations
DEU,1273,90338160,16,2026-09-27T11:14:55Z,src_20260927_fts_plan-1273-p1;src_20260927_fts_plan-1273-p2;src_20260927_fts_locations
DEU,1510,37761783,18,2026-09-27T11:14:55Z,src_20260927_fts_plan-1510-p1;src_20260927_fts_plan-1510-p2;src_20260927_fts_locations
DNK,1156,49086387,44,2026-09-27T11:14:55Z,src_20260927_fts_plan-1156-p1;src_20260927_fts_plan-1156-p2;src_20260927_fts_locations
DNK,1186,6629804,5,2026-09-27T11:14:55Z,src_20260927_fts_plan-1186-p1;src_20260927_fts_locations
DNK,1273,34005152,17,2026-09-27T11:14:55Z,src_20260927_fts_plan-1273-p1;src_20260927_fts_plan-1273-p2;src_20260927_fts_locations
DNK,1510,10207913,4,2026-09-27T11:14:55Z,src_20260927_fts_plan-1510-p1;src_20260927_fts_plan-1510-p2;src_20260927_fts_locations
DZA,1156,5000001,3,2026-09-27T11:14:55Z,src_20260927_fts_plan-1156-p1;src_20260927_fts_plan-1156-p2;src_20260927_fts_locations
ESP,1156,42684379,89,2026-09-27T11:14:55Z,src_20260927_fts_plan-1156-p1;src_20260927_fts_plan-1156-p2;src_20260927_fts_locations
ESP,1186,6546062,4,2026-09-27T11:14:55Z,src_20260927_fts_plan-1186-p1;src_20260927_fts_locations
ESP,1273,28982789,43,2026-09-27T11:14:55Z,src_20260927_fts_plan-1273-p1;src_20260927_fts_plan-1273-p2;src_20260927_fts_locations
ESP,1510,4901441,19,2026-09-27T11:14:55Z,src_20260927_fts_plan-1510-p1;src_20260927_fts_plan-1510-p2;src_20260927_fts_locations
EST,1156,100274,3,2026-09-27T11:14:55Z,src_20260927_fts_plan-1156-p1;src_20260927_fts_plan-1156-p2;src_20260927_fts_locations
EST,1186,35574,1,2026-09-27T11:14:55Z,src_20260927_fts_plan-1186-p1;src_20260927_fts_locations
EST,1273,106309,4,2026-09-27T11:14:55Z,src_20260927_fts_plan-1273-p1;src_20260927_fts_plan-1273-p2;src_20260927_fts_locations
EST,1510,14603,1,2026-09-27T11:14:55Z,src_20260927_fts_plan-1510-p1;src_20260927_fts_plan-1510-p2;src_20260927_fts_locations
FIN,1156,6919366,2,2026-09-27T11:14:55Z,src_20260927_fts_plan-1156-p1;src_20260927_fts_plan-1156-p2;src_20260927_fts_locations
FIN,1273,6370321,3,2026-09-27T11:14:55Z,src_20260927_fts_plan-1273-p1;src_20260927_fts_plan-1273-p2;src_20260927_fts_locations
FIN,1510,5767013,1,2026-09-27T11:14:55Z,src_20260927_fts_plan-1510-p1;src_20260927_fts_plan-1510-p2;src_20260927_fts_locations
FRA,1156,71615382,37,2026-09-27T11:14:55Z,src_20260927_fts_plan-1156-p1;src_20260927_fts_plan-1156-p2;src_20260927_fts_locations
FRA,1186,47177856,26,2026-09-27T11:14:55Z,src_20260927_fts_plan-1186-p1;src_20260927_fts_locations
FRA,1273,76614485,55,2026-09-27T11:14:55Z,src_20260927_fts_plan-1273-p1;src_20260927_fts_plan-1273-p2;src_20260927_fts_locations
FRA,1510,5727974,8,2026-09-27T11:14:55Z,src_20260927_fts_plan-1510-p1;src_20260927_fts_plan-1510-p2;src_20260927_fts_locations
GBR,1156,97428420,31,2026-09-27T11:14:55Z,src_20260927_fts_plan-1156-p1;src_20260927_fts_plan-1156-p2;src_20260927_fts_locations
GBR,1186,32363083,8,2026-09-27T11:14:55Z,src_20260927_fts_plan-1186-p1;src_20260927_fts_locations
GBR,1273,70372486,20,2026-09-27T11:14:55Z,src_20260927_fts_plan-1273-p1;src_20260927_fts_plan-1273-p2;src_20260927_fts_locations
GBR,1510,35672343,12,2026-09-27T11:14:55Z,src_20260927_fts_plan-1510-p1;src_20260927_fts_plan-1510-p2;src_20260927_fts_locations
GRC,1156,53022,1,2026-09-27T11:14:55Z,src_20260927_fts_plan-1156-p1;src_20260927_fts_plan-1156-p2;src_20260927_fts_locations
GRC,1510,352941,1,2026-09-27T11:14:55Z,src_20260927_fts_plan-1510-p1;src_20260927_fts_plan-1510-p2;src_20260927_fts_locations
GUY,1156,150000,1,2026-09-27T11:14:55Z,src_20260927_fts_plan-1156-p1;src_20260927_fts_plan-1156-p2;src_20260927_fts_locations
HRV,1156,1119376,4,2026-09-27T11:14:55Z,src_20260927_fts_plan-1156-p1;src_20260927_fts_plan-1156-p2;src_20260927_fts_locations
HRV,1186,555556,2,2026-09-27T11:14:55Z,src_20260927_fts_plan-1186-p1;src_20260927_fts_locations
HRV,1273,2303298,2,2026-09-27T11:14:55Z,src_20260927_fts_plan-1273-p1;src_20260927_fts_plan-1273-p2;src_20260927_fts_locations
IDN,1156,2000000,2,2026-09-27T11:14:55Z,src_20260927_fts_plan-1156-p1;src_20260927_fts_plan-1156-p2;src_20260927_fts_locations
IDN,1273,12426000,4,2026-09-27T11:14:55Z,src_20260927_fts_plan-1273-p1;src_20260927_fts_plan-1273-p2;src_20260927_fts_locations
IND,1273,24528,1,2026-09-27T11:14:55Z,src_20260927_fts_plan-1273-p1;src_20260927_fts_plan-1273-p2;src_20260927_fts_locations
IRL,1156,4624858,7,2026-09-27T11:14:55Z,src_20260927_fts_plan-1156-p1;src_20260927_fts_plan-1156-p2;src_20260927_fts_locations
IRL,1186,6161331,5,2026-09-27T11:14:55Z,src_20260927_fts_plan-1186-p1;src_20260927_fts_locations
IRL,1273,32850047,15,2026-09-27T11:14:55Z,src_20260927_fts_plan-1273-p1;src_20260927_fts_plan-1273-p2;src_20260927_fts_locations
IRL,1510,5474306,4,2026-09-27T11:14:55Z,src_20260927_fts_plan-1510-p1;src_20260927_fts_plan-1510-p2;src_20260927_fts_locations
IRQ,1156,25000001,6,2026-09-27T11:14:55Z,src_20260927_fts_plan-1156-p1;src_20260927_fts_plan-1156-p2;src_20260927_fts_locations
ISL,1156,1770960,5,2026-09-27T11:14:55Z,src_20260927_fts_plan-1156-p1;src_20260927_fts_plan-1156-p2;src_20260927_fts_locations
ISL,1273,3671736,9,2026-09-27T11:14:55Z,src_20260927_fts_plan-1273-p1;src_20260927_fts_plan-1273-p2;src_20260927_fts_locations
ISL,1510,484274,1,2026-09-27T11:14:55Z,src_20260927_fts_plan-1510-p1;src_20260927_fts_plan-1510-p2;src_20260927_fts_locations
ITA,1156,27174631,17,2026-09-27T11:14:55Z,src_20260927_fts_plan-1156-p1;src_20260927_fts_plan-1156-p2;src_20260927_fts_locations
ITA,1186,5627515,5,2026-09-27T11:14:55Z,src_20260927_fts_plan-1186-p1;src_20260927_fts_locations
ITA,1273,44307918,17,2026-09-27T11:14:55Z,src_20260927_fts_plan-1273-p1;src_20260927_fts_plan-1273-p2;src_20260927_fts_locations
ITA,1510,21902092,14,2026-09-27T11:14:55Z,src_20260927_fts_plan-1510-p1;src_20260927_fts_plan-1510-p2;src_20260927_fts_locations
JPN,1156,63059912,22,2026-09-27T11:14:55Z,src_20260927_fts_plan-1156-p1;src_20260927_fts_plan-1156-p2;src_20260927_fts_locations
JPN,1186,7818572,2,2026-09-27T11:14:55Z,src_20260927_fts_plan-1186-p1;src_20260927_fts_locations
JPN,1273,53618453,18,2026-09-27T11:14:55Z,src_20260927_fts_plan-1273-p1;src_20260927_fts_plan-1273-p2;src_20260927_fts_locations
JPN,1510,81807668,23,2026-09-27T11:14:55Z,src_20260927_fts_plan-1510-p1;src_20260927_fts_plan-1510-p2;src_20260927_fts_locations
KAZ,1186,1010000,2,2026-09-27T11:14:55Z,src_20260927_fts_plan-1186-p1;src_20260927_fts_locations
KEN,1156,1012020,1,2026-09-27T11:14:55Z,src_20260927_fts_plan-1156-p1;src_20260927_fts_plan-1156-p2;src_20260927_fts_locations
KOR,1156,35000000,5,2026-09-27T11:14:55Z,src_20260927_fts_plan-1156-p1;src_20260927_fts_plan-1156-p2;src_20260927_fts_locations
KOR,1273,35840000,9,2026-09-27T11:14:55Z,src_20260927_fts_plan-1273-p1;src_20260927_fts_plan-1273-p2;src_20260927_fts_locations
KOR,1510,8580000,3,2026-09-27T11:14:55Z,src_20260927_fts_plan-1510-p1;src_20260927_fts_plan-1510-p2;src_20260927_fts_locations
KWT,1156,32084192,34,2026-09-27T11:14:55Z,src_20260927_fts_plan-1156-p1;src_20260927_fts_plan-1156-p2;src_20260927_fts_locations
KWT,1186,2000000,1,2026-09-27T11:14:55Z,src_20260927_fts_plan-1186-p1;src_20260927_fts_locations
KWT,1273,6745165,26,2026-09-27T11:14:55Z,src_20260927_fts_plan-1273-p1;src_20260927_fts_plan-1273-p2;src_20260927_fts_locations
KWT,1510,500000,1,2026-09-27T11:14:55Z,src_20260927_fts_plan-1510-p1;src_20260927_fts_plan-1510-p2;src_20260927_fts_locations
LIE,1156,115473,1,2026-09-27T11:14:55Z,src_20260927_fts_plan-1156-p1;src_20260927_fts_plan-1156-p2;src_20260927_fts_locations
LIE,1186,114155,1,2026-09-27T11:14:55Z,src_20260927_fts_plan-1186-p1;src_20260927_fts_locations
LIE,1273,123153,1,2026-09-27T11:14:55Z,src_20260927_fts_plan-1273-p1;src_20260927_fts_plan-1273-p2;src_20260927_fts_locations
LIE,1510,124844,1,2026-09-27T11:14:55Z,src_20260927_fts_plan-1510-p1;src_20260927_fts_plan-1510-p2;src_20260927_fts_locations
LKA,1156,1590000,2,2026-09-27T11:14:55Z,src_20260927_fts_plan-1156-p1;src_20260927_fts_plan-1156-p2;src_20260927_fts_locations
LTU,1156,106914,2,2026-09-27T11:14:55Z,src_20260927_fts_plan-1156-p1;src_20260927_fts_plan-1156-p2;src_20260927_fts_locations
LTU,1186,304681,3,2026-09-27T11:14:55Z,src_20260927_fts_plan-1186-p1;src_20260927_fts_locations
LTU,1273,58685,2,2026-09-27T11:14:55Z,src_20260927_fts_plan-1273-p1;src_20260927_fts_plan-1273-p2;src_20260927_fts_locations
LTU,1510,58548,2,2026-09-27T11:14:55Z,src_20260927_fts_plan-1510-p1;src_20260927_fts_plan-1510-p2;src_20260927_fts_locations
LUX,1156,6522839,16,2026-09-27T11:14:55Z,src_20260927_fts_plan-1156-p1;src_20260927_fts_plan-1156-p2;src_20260927_fts_locations
LUX,1186,4896136,9,2026-09-27T11:14:55Z,src_20260927_fts_plan-1186-p1;src_20260927_fts_locations
LUX,1273,4881984,16,2026-09-27T11:14:55Z,src_20260927_fts_plan-1273-p1;src_20260927_fts_plan-1273-p2;src_20260927_fts_locations
LUX,1510,1682547,5,2026-09-27T11:14:55Z,src_20260927_fts_plan-1510-p1;src_20260927_fts_plan-1510-p2;src_20260927_fts_locations
LVA,1156,128836,4,2026-09-27T11:14:55Z,src_20260927_fts_plan-1156-p1;src_20260927_fts_plan-1156-p2;src_20260927_fts_locations
MCO,1186,109649,1,2026-09-27T11:14:55Z,src_20260927_fts_plan-1186-p1;src_20260927_fts_locations
MCO,1510,91429,1,2026-09-27T11:14:55Z,src_20260927_fts_plan-1510-p1;src_20260927_fts_plan-1510-p2;src_20260927_fts_locations
MDV,1156,1248827,1,2026-09-27T11:14:55Z,src_20260927_fts_plan-1156-p1;src_20260927_fts_plan-1156-p2;src_20260927_fts_locations
MLT,1156,311172,6,2026-09-27T11:14:55Z,src_20260927_fts_plan-1156-p1;src_20260927_fts_plan-1156-p2;src_20260927_fts_locations
MLT,1186,160869,3,2026-09-27T11:14:55Z,src_20260927_fts_plan-1186-p1;src_20260927_fts_locations
MLT,1273,79455,1,2026-09-27T11:14:55Z,src_20260927_fts_plan-1273-p1;src_20260927_fts_plan-1273-p2;src_20260927_fts_locations
MNE,1186,40000,1,2026-09-27T11:14:55Z,src_20260927_fts_plan-1186-p1;src_20260927_fts_locations
MUS,1156,110944,1,2026-09-27T11:14:55Z,src_20260927_fts_plan-1156-p1;src_20260927_fts_plan-1156-p2;src_20260927_fts_locations
MYS,1156,144399,2,2026-09-27T11:14:55Z,src_20260927_fts_plan-1156-p1;src_20260927_fts_plan-1156-p2;src_20260927_fts_locations
NLD,1156,24662186,5,2026-09-27T11:14:55Z,src_20260927_fts_plan-1156-p1;src_20260927_fts_plan-1156-p2;src_20260927_fts_locations
NLD,1186,5482456,1,2026-09-27T11:14:55Z,src_20260927_fts_plan-1186-p1;src_20260927_fts_locations
NLD,1273,64466966,12,2026-09-27T11:14:55Z,src_20260927_fts_plan-1273-p1;src_20260927_fts_plan-1273-p2;src_20260927_fts_locations
NLD,1510,31614968,6,2026-09-27T11:14:55Z,src_20260927_fts_plan-1510-p1;src_20260927_fts_plan-1510-p2;src_20260927_fts_locations
NOR,1156,84882022,51,2026-09-27T11:14:55Z,src_20260927_fts_plan-1156-p1;src_20260927_fts_plan-1156-p2;src_20260927_fts_locations
NOR,1186,34800481,27,2026-09-27T11:14:55Z,src_20260927_fts_plan-1186-p1;src_20260927_fts_locations
NOR,1273,63233887,34,2026-09-27T11:14:55Z,src_20260927_fts_plan-1273-p1;src_20260927_fts_plan-1273-p2;src_20260927_fts_locations
NOR,1510,15577331,26,2026-09-27T11:14:55Z,src_20260927_fts_plan-1510-p1;src_20260927_fts_plan-1510-p2;src_20260927_fts_locations
NZL,1156,11578595,7,2026-09-27T11:14:55Z,src_20260927_fts_plan-1156-p1;src_20260927_fts_plan-1156-p2;src_20260927_fts_locations
NZL,1186,2974930,2,2026-09-27T11:14:55Z,src_20260927_fts_plan-1186-p1;src_20260927_fts_locations
NZL,1273,11173495,7,2026-09-27T11:14:55Z,src_20260927_fts_plan-1273-p1;src_20260927_fts_plan-1273-p2;src_20260927_fts_locations
OMN,1156,1000000,1,2026-09-27T11:14:55Z,src_20260927_fts_plan-1156-p1;src_20260927_fts_plan-1156-p2;src_20260927_fts_locations
POL,1156,5980979,9,2026-09-27T11:14:55Z,src_20260927_fts_plan-1156-p1;src_20260927_fts_plan-1156-p2;src_20260927_fts_locations
POL,1186,1636427,2,2026-09-27T11:14:55Z,src_20260927_fts_plan-1186-p1;src_20260927_fts_locations
POL,1273,3141240,5,2026-09-27T11:14:55Z,src_20260927_fts_plan-1273-p1;src_20260927_fts_plan-1273-p2;src_20260927_fts_locations
POL,1510,2240501,3,2026-09-27T11:14:55Z,src_20260927_fts_plan-1510-p1;src_20260927_fts_plan-1510-p2;src_20260927_fts_locations
PRT,1156,15410131,4,2026-09-27T11:14:55Z,src_20260927_fts_plan-1156-p1;src_20260927_fts_plan-1156-p2;src_20260927_fts_locations
PRT,1186,5393743,1,2026-09-27T11:14:55Z,src_20260927_fts_plan-1186-p1;src_20260927_fts_locations
PRT,1273,557512,3,2026-09-27T11:14:55Z,src_20260927_fts_plan-1273-p1;src_20260927_fts_plan-1273-p2;src_20260927_fts_locations
PRT,1510,115875,2,2026-09-27T11:14:55Z,src_20260927_fts_plan-1510-p1;src_20260927_fts_plan-1510-p2;src_20260927_fts_locations
QAT,1156,10072014,4,2026-09-27T11:14:55Z,src_20260927_fts_plan-1156-p1;src_20260927_fts_plan-1156-p2;src_20260927_fts_locations
QAT,1186,121578,2,2026-09-27T11:14:55Z,src_20260927_fts_plan-1186-p1;src_20260927_fts_locations
QAT,1273,260840374,28,2026-09-27T11:14:55Z,src_20260927_fts_plan-1273-p1;src_20260927_fts_plan-1273-p2;src_20260927_fts_locations
QAT,1510,2348903,3,2026-09-27T11:14:55Z,src_20260927_fts_plan-1510-p1;src_20260927_fts_plan-1510-p2;src_20260927_fts_locations
ROU,1156,1278339,2,2026-09-27T11:14:55Z,src_20260927_fts_plan-1156-p1;src_20260927_fts_plan-1156-p2;src_20260927_fts_locations
ROU,1273,49296,2,2026-09-27T11:14:55Z,src_20260927_fts_plan-1273-p1;src_20260927_fts_plan-1273-p2;src_20260927_fts_locations
RUS,1156,6000000,3,2026-09-27T11:14:55Z,src_20260927_fts_plan-1156-p1;src_20260927_fts_plan-1156-p2;src_20260927_fts_locations
RUS,1273,2000000,1,2026-09-27T11:14:55Z,src_20260927_fts_plan-1273-p1;src_20260927_fts_plan-1273-p2;src_20260927_fts_locations
RUS,1510,2000000,1,2026-09-27T11:14:55Z,src_20260927_fts_plan-1510-p1;src_20260927_fts_plan-1510-p2;src_20260927_fts_locations
SAU,1156,69928664,12,2026-09-27T11:14:55Z,src_20260927_fts_plan-1156-p1;src_20260927_fts_plan-1156-p2;src_20260927_fts_locations
SAU,1186,17000000,2,2026-09-27T11:14:55Z,src_20260927_fts_plan-1186-p1;src_20260927_fts_locations
SAU,1273,17557092,10,2026-09-27T11:14:55Z,src_20260927_fts_plan-1273-p1;src_20260927_fts_plan-1273-p2;src_20260927_fts_locations
SAU,1510,13994623,10,2026-09-27T11:14:55Z,src_20260927_fts_plan-1510-p1;src_20260927_fts_plan-1510-p2;src_20260927_fts_locations
SGP,1273,500000,1,2026-09-27T11:14:55Z,src_20260927_fts_plan-1273-p1;src_20260927_fts_plan-1273-p2;src_20260927_fts_locations
SMR,1156,42850,3,2026-09-27T11:14:55Z,src_20260927_fts_plan-1156-p1;src_20260927_fts_plan-1156-p2;src_20260927_fts_locations
SMR,1273,22727,1,2026-09-27T11:14:55Z,src_20260927_fts_plan-1273-p1;src_20260927_fts_plan-1273-p2;src_20260927_fts_locations
SMR,1510,22857,1,2026-09-27T11:14:55Z,src_20260927_fts_plan-1510-p1;src_20260927_fts_plan-1510-p2;src_20260927_fts_locations
SVK,1186,106724,1,2026-09-27T11:14:55Z,src_20260927_fts_plan-1186-p1;src_20260927_fts_locations
SVK,1273,59879,1,2026-09-27T11:14:55Z,src_20260927_fts_plan-1273-p1;src_20260927_fts_plan-1273-p2;src_20260927_fts_locations
SVN,1156,4142995,7,2026-09-27T11:14:55Z,src_20260927_fts_plan-1156-p1;src_20260927_fts_plan-1156-p2;src_20260927_fts_locations
SVN,1186,1629293,5,2026-09-27T11:14:55Z,src_20260927_fts_plan-1186-p1;src_20260927_fts_locations
SVN,1273,1731584,3,2026-09-27T11:14:55Z,src_20260927_fts_plan-1273-p1;src_20260927_fts_plan-1273-p2;src_20260927_fts_locations
SVN,1510,2434027,4,2026-09-27T11:14:55Z,src_20260927_fts_plan-1510-p1;src_20260927_fts_plan-1510-p2;src_20260927_fts_locations
SWE,1156,34731884,27,2026-09-27T11:14:55Z,src_20260927_fts_plan-1156-p1;src_20260927_fts_plan-1156-p2;src_20260927_fts_locations
SWE,1186,13408055,7,2026-09-27T11:14:55Z,src_20260927_fts_plan-1186-p1;src_20260927_fts_locations
SWE,1273,89121018,30,2026-09-27T11:14:55Z,src_20260927_fts_plan-1273-p1;src_20260927_fts_plan-1273-p2;src_20260927_fts_locations
SWE,1510,93080461,21,2026-09-27T11:14:55Z,src_20260927_fts_plan-1510-p1;src_20260927_fts_plan-1510-p2;src_20260927_fts_locations
THA,1156,50000,1,2026-09-27T11:14:55Z,src_20260927_fts_plan-1156-p1;src_20260927_fts_plan-1156-p2;src_20260927_fts_locations
THA,1186,80000,1,2026-09-27T11:14:55Z,src_20260927_fts_plan-1186-p1;src_20260927_fts_locations
THA,1273,50000,1,2026-09-27T11:14:55Z,src_20260927_fts_plan-1273-p1;src_20260927_fts_plan-1273-p2;src_20260927_fts_locations
THA,1510,50165,1,2026-09-27T11:14:55Z,src_20260927_fts_plan-1510-p1;src_20260927_fts_plan-1510-p2;src_20260927_fts_locations
TUR,1156,32441827,6,2026-09-27T11:14:55Z,src_20260927_fts_plan-1156-p1;src_20260927_fts_plan-1156-p2;src_20260927_fts_locations
TUR,1273,7482939,2,2026-09-27T11:14:55Z,src_20260927_fts_plan-1273-p1;src_20260927_fts_plan-1273-p2;src_20260927_fts_locations
TUR,1510,1000000,1,2026-09-27T11:14:55Z,src_20260927_fts_plan-1510-p1;src_20260927_fts_plan-1510-p2;src_20260927_fts_locations
USA,1156,791839747,76,2026-09-27T11:14:55Z,src_20260927_fts_plan-1156-p1;src_20260927_fts_plan-1156-p2;src_20260927_fts_locations
USA,1186,73732888,13,2026-09-27T11:14:55Z,src_20260927_fts_plan-1186-p1;src_20260927_fts_locations
USA,1273,588045001,13,2026-09-27T11:14:55Z,src_20260927_fts_plan-1273-p1;src_20260927_fts_plan-1273-p2;src_20260927_fts_locations
USA,1510,330000000,9,2026-09-27T11:14:55Z,src_20260927_fts_plan-1510-p1;src_20260927_fts_plan-1510-p2;src_20260927_fts_locations
UZB,1186,1500000,1,2026-09-27T11:14:55Z,src_20260927_fts_plan-1186-p1;src_20260927_fts_locations
VNM,1156,500000,1,2026-09-27T11:14:55Z,src_20260927_fts_plan-1156-p1;src_20260927_fts_plan-1156-p2;src_20260927_fts_locations
VNM,1510,299379,1,2026-09-27T11:14:55Z,src_20260927_fts_plan-1510-p1;src_20260927_fts_plan-1510-p2;src_20260927_fts_locations
ZAF,1156,2754821,1,2026-09-27T11:14:55Z,src_20260927_fts_plan-1156-p1;src_20260927_fts_plan-1156-p2;src_20260927_fts_locations
ZAF,1273,2884200,3,2026-09-27T11:14:55Z,src_20260927_fts_plan-1273-p1;src_20260927_fts_plan-1273-p2;src_20260927_fts_locations
