iso3,year,gni_atlas_usd,source
AFG,2024,16782782231,src_20260927_worldbank_gni-atlas
AGO,2025,111626608229,src_20260927_worldbank_gni-atlas
ALB,2025,28328665984,src_20260927_worldbank_gni-atlas
AND,2025,4413118029,src_20260927_worldbank_gni-atlas
ARE,2024,566397962015,src_20260927_worldbank_gni-atlas
ARG,2025,671607598882,src_20260927_worldbank_gni-atlas
ARM,2025,27847238237,src_20260927_worldbank_gni-atlas
ATG,2025,2241305005,src_20260927_worldbank_gni-atlas
AUS,2025,1770610639146,src_20260927_worldbank_gni-atlas
AUT,2025,555765667701,src_20260927_worldbank_gni-atlas
AZE,2025,75415932652,src_20260927_worldbank_gni-atlas
BDI,2025,3456259229,src_20260927_worldbank_gni-atlas
BEL,2025,710506405284,src_20260927_worldbank_gni-atlas
BEN,2025,23705888863,src_20260927_worldbank_gni-atlas
BFA,2025,23552325383,src_20260927_worldbank_gni-atlas
BGD,2025,499348445172,src_20260927_worldbank_gni-atlas
BGR,2025,114371549886,src_20260927_worldbank_gni-atlas
BHR,2025,46071924901,src_20260927_worldbank_gni-atlas
BHS,2024,14854152726,src_20260927_worldbank_gni-atlas
BIH,2025,31220910121,src_20260927_worldbank_gni-atlas
BLR,2025,83270727359,src_20260927_worldbank_gni-atlas
BLZ,2025,3185166977,src_20260927_worldbank_gni-atlas
BOL,2025,55619934851,src_20260927_worldbank_gni-atlas
BRA,2025,2245438978369,src_20260927_worldbank_gni-atlas
BRB,2025,7652466439,src_20260927_worldbank_gni-atlas
BRN,2025,16222138782,src_20260927_worldbank_gni-atlas
BTN,2025,3432785946,src_20260927_worldbank_gni-atlas
BWA,2025,18929674038,src_20260927_worldbank_gni-atlas
CAF,2025,3101871224,src_20260927_worldbank_gni-atlas
CAN,2025,2349971028070,src_20260927_worldbank_gni-atlas
CHE,2025,1003145370982,src_20260927_worldbank_gni-atlas
CHL,2025,336757340467,src_20260927_worldbank_gni-atlas
CHN,2025,20015542881097,src_20260927_worldbank_gni-atlas
CIV,2025,90950348318,src_20260927_worldbank_gni-atlas
CMR,2025,55430407745,src_20260927_worldbank_gni-atlas
COD,2025,81325840125,src_20260927_worldbank_gni-atlas
COG,2025,14794185972,src_20260927_worldbank_gni-atlas
COL,2025,422261113749,src_20260927_worldbank_gni-atlas
COM,2025,1721937643,src_20260927_worldbank_gni-atlas
CPV,2025,2945505320,src_20260927_worldbank_gni-atlas
CRI,2025,92412639126,src_20260927_worldbank_gni-atlas
CUB,2019,100933901482,src_20260927_worldbank_gni-atlas
CYP,2025,35628875630,src_20260927_worldbank_gni-atlas
CZE,2025,358848008458,src_20260927_worldbank_gni-atlas
DEU,2025,5026012352665,src_20260927_worldbank_gni-atlas
DJI,2025,4693245133,src_20260927_worldbank_gni-atlas
DMA,2025,704028538,src_20260927_worldbank_gni-atlas
DNK,2025,463860142028,src_20260927_worldbank_gni-atlas
DOM,2025,122324899553,src_20260927_worldbank_gni-atlas
DZA,2025,277628499044,src_20260927_worldbank_gni-atlas
ECU,2025,125987697145,src_20260927_worldbank_gni-atlas
EGY,2025,386415347563,src_20260927_worldbank_gni-atlas
ERI,2011,1940938992,src_20260927_worldbank_gni-atlas
ESP,2025,1832028264293,src_20260927_worldbank_gni-atlas
EST,2025,44155082800,src_20260927_worldbank_gni-atlas
ETH,2025,150631713447,src_20260927_worldbank_gni-atlas
FIN,2025,311971312749,src_20260927_worldbank_gni-atlas
FJI,2025,5812642502,src_20260927_worldbank_gni-atlas
FRA,2025,3341656452909,src_20260927_worldbank_gni-atlas
FSM,2025,541425619,src_20260927_worldbank_gni-atlas
GAB,2025,20986746747,src_20260927_worldbank_gni-atlas
GBR,2025,3790859162035,src_20260927_worldbank_gni-atlas
GEO,2025,35385244247,src_20260927_worldbank_gni-atlas
GHA,2025,92262900069,src_20260927_worldbank_gni-atlas
GIN,2025,26169739416,src_20260927_worldbank_gni-atlas
GMB,2025,2615159025,src_20260927_worldbank_gni-atlas
GNB,2025,2445367433,src_20260927_worldbank_gni-atlas
GNQ,2025,11420330263,src_20260927_worldbank_gni-atlas
GRC,2025,264149375297,src_20260927_worldbank_gni-atlas
GRD,2025,1367193447,src_20260927_worldbank_gni-atlas
GTM,2025,118762933107,src_20260927_worldbank_gni-atlas
GUY,2025,23798209751,src_20260927_worldbank_gni-atlas
HND,2025,36016705981,src_20260927_worldbank_gni-atlas
HRV,2025,98287800897,src_20260927_worldbank_gni-atlas
HTI,2025,23878905823,src_20260927_worldbank_gni-atlas
HUN,2025,226882892572,src_20260927_worldbank_gni-atlas
IDN,2025,1463075840794,src_20260927_worldbank_gni-atlas
IND,2025,4036219061833,src_20260927_worldbank_gni-atlas
IRL,2025,479109148974,src_20260927_worldbank_gni-atlas
IRN,2025,429443013148,src_20260927_worldbank_gni-atlas
IRQ,2025,267451466645,src_20260927_worldbank_gni-atlas
ISL,2025,35010042064,src_20260927_worldbank_gni-atlas
ISR,2025,568737538517,src_20260927_worldbank_gni-atlas
ITA,2025,2479102475168,src_20260927_worldbank_gni-atlas
JAM,2025,22087887686,src_20260927_worldbank_gni-atlas
JOR,2025,60553733002,src_20260927_worldbank_gni-atlas
JPN,2025,4730424836976,src_20260927_worldbank_gni-atlas
KAZ,2025,286454301447,src_20260927_worldbank_gni-atlas
KEN,2025,126581506052,src_20260927_worldbank_gni-atlas
KGZ,2025,20593390721,src_20260927_worldbank_gni-atlas
KHM,2025,49148017451,src_20260927_worldbank_gni-atlas
KIR,2025,536570506,src_20260927_worldbank_gni-atlas
KNA,2025,1150970377,src_20260927_worldbank_gni-atlas
KOR,2025,1958041571061,src_20260927_worldbank_gni-atlas
KWT,2024,201333044263,src_20260927_worldbank_gni-atlas
LAO,2025,16925181295,src_20260927_worldbank_gni-atlas
LBN,2024,20665122959,src_20260927_worldbank_gni-atlas
LBR,2025,4756570606,src_20260927_worldbank_gni-atlas
LBY,2025,54068321266,src_20260927_worldbank_gni-atlas
LCA,2025,2416057937,src_20260927_worldbank_gni-atlas
LIE,2009,4159687755,src_20260927_worldbank_gni-atlas
LKA,2025,101604622866,src_20260927_worldbank_gni-atlas
LSO,2025,3030329513,src_20260927_worldbank_gni-atlas
LTU,2025,88116342904,src_20260927_worldbank_gni-atlas
LUX,2025,65757594069,src_20260927_worldbank_gni-atlas
LVA,2025,46149657851,src_20260927_worldbank_gni-atlas
MAR,2025,170058565051,src_20260927_worldbank_gni-atlas
MDA,2025,18992377137,src_20260927_worldbank_gni-atlas
MDG,2025,18200845480,src_20260927_worldbank_gni-atlas
MDV,2025,6859752957,src_20260927_worldbank_gni-atlas
MEX,2025,1811632434694,src_20260927_worldbank_gni-atlas
MHL,2025,352246209,src_20260927_worldbank_gni-atlas
MKD,2025,17279767568,src_20260927_worldbank_gni-atlas
MLI,2025,28294760029,src_20260927_worldbank_gni-atlas
MLT,2025,24020671291,src_20260927_worldbank_gni-atlas
MMR,2025,72296997359,src_20260927_worldbank_gni-atlas
MNE,2025,8815884704,src_20260927_worldbank_gni-atlas
MNG,2025,22152045448,src_20260927_worldbank_gni-atlas
MOZ,2025,20432988742,src_20260927_worldbank_gni-atlas
MRT,2025,11765197592,src_20260927_worldbank_gni-atlas
MUS,2025,17464550913,src_20260927_worldbank_gni-atlas
MWI,2025,13395537252,src_20260927_worldbank_gni-atlas
MYS,2025,445364839178,src_20260927_worldbank_gni-atlas
NAM,2025,13432459327,src_20260927_worldbank_gni-atlas
NER,2025,20861896385,src_20260927_worldbank_gni-atlas
NGA,2025,323613159411,src_20260927_worldbank_gni-atlas
NIC,2025,19948941411,src_20260927_worldbank_gni-atlas
NLD,2025,1239617957503,src_20260927_worldbank_gni-atlas
NOR,2025,546004266863,src_20260927_worldbank_gni-atlas
NPL,2025,46491459104,src_20260927_worldbank_gni-atlas
NRU,2025,248791718,src_20260927_worldbank_gni-atlas
NZL,2025,248292957636,src_20260927_worldbank_gni-atlas
OMN,2024,103116048023,src_20260927_worldbank_gni-atlas
PAK,2025,382039634351,src_20260927_worldbank_gni-atlas
PAN,2025,87469704779,src_20260927_worldbank_gni-atlas
PER,2025,291496369274,src_20260927_worldbank_gni-atlas
PHL,2025,566821516471,src_20260927_worldbank_gni-atlas
PLW,2025,351256341,src_20260927_worldbank_gni-atlas
PNG,2025,31152668675,src_20260927_worldbank_gni-atlas
POL,2025,929793070986,src_20260927_worldbank_gni-atlas
PRT,2025,323351332702,src_20260927_worldbank_gni-atlas
PRY,2025,47372445972,src_20260927_worldbank_gni-atlas
PSE,2025,17595377479,src_20260927_worldbank_gni-atlas
QAT,2025,220925653211,src_20260927_worldbank_gni-atlas
ROU,2025,383946296623,src_20260927_worldbank_gni-atlas
RUS,2025,2329665533238,src_20260927_worldbank_gni-atlas
RWA,2025,16684518088,src_20260927_worldbank_gni-atlas
SAU,2025,1333696983986,src_20260927_worldbank_gni-atlas
SDN,2025,46322247659,src_20260927_worldbank_gni-atlas
SEN,2025,33645368128,src_20260927_worldbank_gni-atlas
SGP,2025,499622143366,src_20260927_worldbank_gni-atlas
SLB,2025,1698149308,src_20260927_worldbank_gni-atlas
SLE,2025,7337527324,src_20260927_worldbank_gni-atlas
SLV,2025,34423620807,src_20260927_worldbank_gni-atlas
SMR,2023,1825337039,src_20260927_worldbank_gni-atlas
SOM,2025,12527631434,src_20260927_worldbank_gni-atlas
SRB,2025,88284387093,src_20260927_worldbank_gni-atlas
SSD,2015,11669229567,src_20260927_worldbank_gni-atlas
STP,2025,912648016,src_20260927_worldbank_gni-atlas
SUR,2025,3931072602,src_20260927_worldbank_gni-atlas
SVK,2025,142969869743,src_20260927_worldbank_gni-atlas
SVN,2025,75700301942,src_20260927_worldbank_gni-atlas
SWE,2025,667681465908,src_20260927_worldbank_gni-atlas
SWZ,2025,4689070309,src_20260927_worldbank_gni-atlas
SYC,2025,2356405509,src_20260927_worldbank_gni-atlas
SYR,2022,16239912194,src_20260927_worldbank_gni-atlas
TCD,2025,20371137552,src_20260927_worldbank_gni-atlas
TGO,2025,11641154760,src_20260927_worldbank_gni-atlas
THA,2025,550619242439,src_20260927_worldbank_gni-atlas
TJK,2025,22386738821,src_20260927_worldbank_gni-atlas
TKM,2025,48269008639,src_20260927_worldbank_gni-atlas
TLS,2025,2139909867,src_20260927_worldbank_gni-atlas
TON,2025,709198888,src_20260927_worldbank_gni-atlas
TTO,2025,25371699436,src_20260927_worldbank_gni-atlas
TUN,2025,53039468646,src_20260927_worldbank_gni-atlas
TUR,2025,1399760949063,src_20260927_worldbank_gni-atlas
TUV,2025,92834030,src_20260927_worldbank_gni-atlas
TZA,2025,87001412676,src_20260927_worldbank_gni-atlas
UGA,2025,57752365613,src_20260927_worldbank_gni-atlas
UKR,2025,201387308835,src_20260927_worldbank_gni-atlas
URY,2025,81313908290,src_20260927_worldbank_gni-atlas
USA,2025,30352333808084,src_20260927_worldbank_gni-atlas
UZB,2025,136057977530,src_20260927_worldbank_gni-atlas
VCT,2025,1199320666,src_20260927_worldbank_gni-atlas
VEN,2025,110021867708,src_20260927_worldbank_gni-atlas
VNM,2025,505329764881,src_20260927_worldbank_gni-atlas
VUT,2025,1477013254,src_20260927_worldbank_gni-atlas
WSM,2025,1236664418,src_20260927_worldbank_gni-atlas
YEM,2018,25287123597,src_20260927_worldbank_gni-atlas
ZAF,2025,406212611809,src_20260927_worldbank_gni-atlas
ZMB,2025,26194383695,src_20260927_worldbank_gni-atlas
ZWE,2025,45031135042,src_20260927_worldbank_gni-atlas
