iso3,year,population,source
AFG,2025,43844111,src_20260927_worldbank_population
AGO,2025,39040039,src_20260927_worldbank_population
ALB,2025,2349580,src_20260927_worldbank_population
AND,2025,82904,src_20260927_worldbank_population
ARE,2025,11513149,src_20260927_worldbank_population
ARG,2025,45851378,src_20260927_worldbank_population
ARM,2025,3086700,src_20260927_worldbank_population
ATG,2025,94209,src_20260927_worldbank_population
AUS,2025,27614411,src_20260927_worldbank_population
AUT,2025,9208163,src_20260927_worldbank_population
AZE,2025,10246996,src_20260927_worldbank_population
BDI,2025,14390003,src_20260927_worldbank_population
BEL,2025,11941781,src_20260927_worldbank_population
BEN,2025,14814460,src_20260927_worldbank_population
BFA,2025,24074580,src_20260927_worldbank_population
BGD,2025,175686899,src_20260927_worldbank_population
BGR,2025,6433302,src_20260927_worldbank_population
BHR,2025,1600366,src_20260927_worldbank_population
BHS,2025,403033,src_20260927_worldbank_population
BIH,2025,3140095,src_20260927_worldbank_population
BLR,2025,9085991,src_20260927_worldbank_population
BLZ,2025,422924,src_20260927_worldbank_population
BOL,2025,12581843,src_20260927_worldbank_population
BRA,2025,212812405,src_20260927_worldbank_population
BRB,2025,282623,src_20260927_worldbank_population
BRN,2025,466330,src_20260927_worldbank_population
BTN,2025,796682,src_20260927_worldbank_population
BWA,2025,2562122,src_20260927_worldbank_population
CAF,2025,5513282,src_20260927_worldbank_population
CAN,2025,41651653,src_20260927_worldbank_population
CHE,2025,9092436,src_20260927_worldbank_population
CHL,2025,19859921,src_20260927_worldbank_population
CHN,2025,1406585000,src_20260927_worldbank_population
CIV,2025,32711547,src_20260927_worldbank_population
CMR,2025,29879337,src_20260927_worldbank_population
COD,2025,112832473,src_20260927_worldbank_population
COG,2025,6484437,src_20260927_worldbank_population
COL,2025,53425635,src_20260927_worldbank_population
COM,2025,882847,src_20260927_worldbank_population
CPV,2025,527326,src_20260927_worldbank_population
CRI,2025,5152950,src_20260927_worldbank_population
CUB,2025,10937203,src_20260927_worldbank_population
CYP,2025,1370754,src_20260927_worldbank_population
CZE,2025,10886878,src_20260927_worldbank_population
DEU,2025,83491249,src_20260927_worldbank_population
DJI,2025,1184076,src_20260927_worldbank_population
DMA,2025,65871,src_20260927_worldbank_population
DNK,2025,6009169,src_20260927_worldbank_population
DOM,2025,11520487,src_20260927_worldbank_population
DZA,2025,47435312,src_20260927_worldbank_population
ECU,2025,18289896,src_20260927_worldbank_population
EGY,2025,118365995,src_20260927_worldbank_population
ERI,2025,3607003,src_20260927_worldbank_population
ESP,2025,49355143,src_20260927_worldbank_population
EST,2025,1366475,src_20260927_worldbank_population
ETH,2025,135472051,src_20260927_worldbank_population
FIN,2025,5646436,src_20260927_worldbank_population
FJI,2025,933154,src_20260927_worldbank_population
FRA,2025,68720337,src_20260927_worldbank_population
FSM,2025,113683,src_20260927_worldbank_population
GAB,2025,2593130,src_20260927_worldbank_population
GBR,2025,69487000,src_20260927_worldbank_population
GEO,2025,3935766,src_20260927_worldbank_population
GHA,2025,35064272,src_20260927_worldbank_population
GIN,2025,15099727,src_20260927_worldbank_population
GMB,2025,2822093,src_20260927_worldbank_population
GNB,2025,2249515,src_20260927_worldbank_population
GNQ,2025,1938431,src_20260927_worldbank_population
GRC,2025,10413962,src_20260927_worldbank_population
GRD,2025,117303,src_20260927_worldbank_population
GTM,2025,18687881,src_20260927_worldbank_population
GUY,2025,835986,src_20260927_worldbank_population
HND,2025,11005850,src_20260927_worldbank_population
HRV,2025,3876200,src_20260927_worldbank_population
HTI,2025,11906095,src_20260927_worldbank_population
HUN,2025,9514251,src_20260927_worldbank_population
IDN,2025,285721236,src_20260927_worldbank_population
IND,2025,1463865525,src_20260927_worldbank_population
IRL,2025,5484367,src_20260927_worldbank_population
IRN,2025,92417681,src_20260927_worldbank_population
IRQ,2025,47020774,src_20260927_worldbank_population
ISL,2025,392404,src_20260927_worldbank_population
ISR,2025,10122800,src_20260927_worldbank_population
ITA,2025,58915656,src_20260927_worldbank_population
JAM,2025,2837077,src_20260927_worldbank_population
JOR,2025,11520684,src_20260927_worldbank_population
JPN,2025,123366734,src_20260927_worldbank_population
KAZ,2025,20843754,src_20260927_worldbank_population
KEN,2025,57532493,src_20260927_worldbank_population
KGZ,2025,7343064,src_20260927_worldbank_population
KHM,2025,17847982,src_20260927_worldbank_population
KIR,2025,136488,src_20260927_worldbank_population
KNA,2025,46922,src_20260927_worldbank_population
KOR,2025,51684564,src_20260927_worldbank_population
KWT,2025,4865298,src_20260927_worldbank_population
LAO,2025,7873046,src_20260927_worldbank_population
LBN,2025,5849421,src_20260927_worldbank_population
LBR,2025,5731206,src_20260927_worldbank_population
LBY,2025,7458555,src_20260927_worldbank_population
LCA,2025,180149,src_20260927_worldbank_population
LIE,2025,41024,src_20260927_worldbank_population
LKA,2025,21756000,src_20260927_worldbank_population
LSO,2025,2363325,src_20260927_worldbank_population
LTU,2025,2888774,src_20260927_worldbank_population
LUX,2025,686970,src_20260927_worldbank_population
LVA,2025,1847785,src_20260927_worldbank_population
MAR,2025,38430770,src_20260927_worldbank_population
MCO,2025,38341,src_20260927_worldbank_population
MDA,2025,2360527,src_20260927_worldbank_population
MDG,2025,32740678,src_20260927_worldbank_population
MDV,2025,529676,src_20260927_worldbank_population
MEX,2025,131946900,src_20260927_worldbank_population
MHL,2025,36282,src_20260927_worldbank_population
MKD,2025,1820909,src_20260927_worldbank_population
MLI,2025,25198821,src_20260927_worldbank_population
MLT,2025,579704,src_20260927_worldbank_population
MMR,2025,54850648,src_20260927_worldbank_population
MNE,2025,623129,src_20260927_worldbank_population
MNG,2025,3568978,src_20260927_worldbank_population
MOZ,2025,35631653,src_20260927_worldbank_population
MRT,2025,5315065,src_20260927_worldbank_population
MUS,2025,1243741,src_20260927_worldbank_population
MWI,2025,22216120,src_20260927_worldbank_population
MYS,2025,35977838,src_20260927_worldbank_population
NAM,2025,3092816,src_20260927_worldbank_population
NER,2025,27917831,src_20260927_worldbank_population
NGA,2025,237527782,src_20260927_worldbank_population
NIC,2025,7007502,src_20260927_worldbank_population
NLD,2025,18087633,src_20260927_worldbank_population
NOR,2025,5610870,src_20260927_worldbank_population
NPL,2025,29618118,src_20260927_worldbank_population
NRU,2025,12025,src_20260927_worldbank_population
NZL,2025,5324700,src_20260927_worldbank_population
OMN,2025,5494691,src_20260927_worldbank_population
PAK,2025,255219554,src_20260927_worldbank_population
PAN,2025,4571189,src_20260927_worldbank_population
PER,2025,34576665,src_20260927_worldbank_population
PHL,2025,116786962,src_20260927_worldbank_population
PLW,2025,17663,src_20260927_worldbank_population
PNG,2025,10762817,src_20260927_worldbank_population
POL,2025,36435861,src_20260927_worldbank_population
PRK,2025,26571036,src_20260927_worldbank_population
PRT,2025,10804871,src_20260927_worldbank_population
PRY,2025,7013078,src_20260927_worldbank_population
PSE,2025,5413596,src_20260927_worldbank_population
QAT,2025,2972215,src_20260927_worldbank_population
ROU,2025,19020271,src_20260927_worldbank_population
RUS,2025,143513328,src_20260927_worldbank_population
RWA,2025,14569341,src_20260927_worldbank_population
SAU,2025,36973555,src_20260927_worldbank_population
SDN,2025,51662147,src_20260927_worldbank_population
SEN,2025,18931966,src_20260927_worldbank_population
SGP,2025,6111175,src_20260927_worldbank_population
SLB,2025,838645,src_20260927_worldbank_population
SLE,2025,8819794,src_20260927_worldbank_population
SLV,2025,6365503,src_20260927_worldbank_population
SMR,2025,34109,src_20260927_worldbank_population
SOM,2025,19654739,src_20260927_worldbank_population
SRB,2025,6549143,src_20260927_worldbank_population
SSD,2025,12188788,src_20260927_worldbank_population
STP,2025,240254,src_20260927_worldbank_population
SUR,2025,639850,src_20260927_worldbank_population
SVK,2025,5413813,src_20260927_worldbank_population
SVN,2025,2130986,src_20260927_worldbank_population
SWE,2025,10596620,src_20260927_worldbank_population
SWZ,2025,1256174,src_20260927_worldbank_population
SYC,2025,122730,src_20260927_worldbank_population
SYR,2025,25620427,src_20260927_worldbank_population
TCD,2025,21003705,src_20260927_worldbank_population
TGO,2025,8591626,src_20260927_worldbank_population
THA,2025,71619863,src_20260927_worldbank_population
TJK,2025,10786734,src_20260927_worldbank_population
TKM,2025,7618847,src_20260927_worldbank_population
TLS,2025,1418517,src_20260927_worldbank_population
TON,2025,103742,src_20260927_worldbank_population
TTO,2025,1367764,src_20260927_worldbank_population
TUN,2025,12348573,src_20260927_worldbank_population
TUR,2025,85878556,src_20260927_worldbank_population
TUV,2025,9492,src_20260927_worldbank_population
TZA,2025,70545865,src_20260927_worldbank_population
UGA,2025,51384894,src_20260927_worldbank_population
UKR,2025,38980376,src_20260927_worldbank_population
URY,2025,3384688,src_20260927_worldbank_population
USA,2025,341784857,src_20260927_worldbank_population
UZB,2025,37053428,src_20260927_worldbank_population
VCT,2025,99924,src_20260927_worldbank_population
VEN,2025,28516896,src_20260927_worldbank_population
VNM,2025,101598527,src_20260927_worldbank_population
VUT,2025,335169,src_20260927_worldbank_population
WSM,2025,219306,src_20260927_worldbank_population
YEM,2025,41773878,src_20260927_worldbank_population
ZAF,2025,64747319,src_20260927_worldbank_population
ZMB,2025,21913874,src_20260927_worldbank_population
ZWE,2025,16950795,src_20260927_worldbank_population
