iso3,date,source
ARG,2010-12-06,src_20101206_cancilleria_reconocimiento-estado-palestina
ARM,2024-06-21,src_20240621_mfa-am_recognition-palestine
AUS,2025-09-21,src_20250921_pm-gov-au_recognises-palestine
BHS,2024-05-07,src_20240507_mofa-bs_recognizes-palestine
BLZ,2011-09-09,src_20110909_pressoffice-bz_recognises-palestine
BOL,2010-12-17,src_20250203_cancilleria_comunicado-03-02-2025
BRA,2010-12-03,src_20250921_mre_recognitions-aus-can-gbr-prt
BRB,2024-04-19,src_20240419_gisbarbados_recognises-palestine
CAN,2025-09-21,src_20250921_pm-gc_recognition-palestine
CHL,2011-01-07,src_20260226_presidencia_boric-memoria-cancilleria
CHN,1988-11-20,src_20260929_fmprc_china-palestine-relations
COL,2018-08-03,src_20250715_cancilleria_villavicencio-grupo-la-haya
CUB,1988-11-16,src_20231116_cubaminrex_cuba-palestina-reconocimiento
DOM,2009-07-15,src_20090715_mirex_comunicado-relaciones-palestina
DZA,1988-11-15,src_20240418_mfa-dz_fm-unsc-middle-east
ECU,2010-12-24,src_20181203_cancilleria_posicion-invariable-palestina
ESP,2024-05-28,src_20240528_lamoncloa_reconocimiento-palestina
FRA,2025-09-22,src_20250922_diplomatie-gouv_reconnaissance-palestine
GBR,2025-09-21,src_20250921_gov-uk_recognition-palestine
IDN,1988-11-15,src_20250902_kemlu_hubungan-bilateral-indonesia-palestina
IND,1988-11-18,src_20260930_mea_india-palestine-bilateral-relations
IRL,2024-05-28,src_20240528_gov-ie_recognises-palestine
JAM,2024-04-22,src_20240422_jis_recognises-palestine
LUX,2025-09-22,src_20250922_gouvernement-lu_recognition-palestine
MCO,2025-09-22,src_20250922_un-press_pal2251
MEX,2023-06-02,src_20250205_presidencia_conferencia-5-febrero-2025
MLT,2025-09-22,src_20250922_gov-mt_recognition-palestine
NOR,2024-05-28,src_20240528_regjeringen_recognises-palestine
PRT,2025-09-21,src_20250921_portugal-gov_reconhece-palestina
RUS,1988-11-19,src_20260122_kremlin_russia-palestine-talks
SMR,2025-09-23,src_20250923_sanmarinortv_riconosce-palestina
SVN,2024-06-04,src_20240605_gov-si_palestine-relations
SWE,2014-10-30,src_20141030_regeringen_erkanner-palestina
TTO,2024-05-02,src_20240502_foreign-tt_recognition-palestine
TUR,1988-11-15,src_20260928_mfa-tr_political-relations-palestine
ZAF,1995-02-15,src_20141126_sanews_sa-palestine-bilateral-relations
GUY,2011-01-13,src_20110113_un-unispal_guyana-recognition-a-65-692
HND,2011-08-26,src_20110921_un-unispal_hnd-lobo-ga66-excerpt;src_20110831_un-unispal_dpr-chronology-august-2011
HTI,2013-09-27,src_20130930_un-unispal_dpr-chronology-september-2013
KNA,2019-07-29,src_20190730_sknis_palestine-diplomatic-relations
LCA,2015-09-14,src_20150914_stlucia-external-affairs_diplomatic-relations
PER,2011-01-24,src_20110131_un-unispal_dpr-chronology-january-2011
PRY,2011-01-28,src_20110131_un-unispal_dpr-chronology-january-2011
SLV,2011-08-25,src_20110831_un-unispal_dpr-chronology-august-2011
SUR,2011-02-01,src_20110330_un-unispal_montevideo-meeting-report-es;src_20110228_un-unispal_dpr-chronology-february-2011;src_20231023_gov-sr_ramdin-hamas-niet-palestina-veroordeeld
URY,2011-03-15,src_20110330_un-unispal_montevideo-meeting-report-es
VCT,2011-08-30,src_20110831_un-unispal_dpr-chronology-august-2011
VEN,2009-04-27,src_20090430_un-unispal_dpr-review-april-2009;src_20110917_un-unispal_chavez-letter-palestine
