release_date,data_year,supplier_iso3,tiv_to_israel,tiv_total_to_israel,source
2026-03-09,2022,DEU,398,833,src_20261005_sipri_tiv-israel-2022-2025
2026-03-09,2022,ITA,6,833,src_20261005_sipri_tiv-israel-2022-2025
2026-03-09,2022,USA,430,833,src_20261005_sipri_tiv-israel-2022-2025
2026-03-09,2023,DEU,399,863,src_20261005_sipri_tiv-israel-2022-2025
2026-03-09,2023,ITA,6,863,src_20261005_sipri_tiv-israel-2022-2025
2026-03-09,2023,USA,459,863,src_20261005_sipri_tiv-israel-2022-2025
2026-03-09,2024,DEU,35,237,src_20261005_sipri_tiv-israel-2022-2025
2026-03-09,2024,ITA,16,237,src_20261005_sipri_tiv-israel-2022-2025
2026-03-09,2024,USA,186,237,src_20261005_sipri_tiv-israel-2022-2025
2026-03-09,2025,DEU,36,537,src_20261005_sipri_tiv-israel-2022-2025
2026-03-09,2025,ITA,11,537,src_20261005_sipri_tiv-israel-2022-2025
2026-03-09,2025,USA,490,537,src_20261005_sipri_tiv-israel-2022-2025
