release_date,data_year,buyer_iso3,tiv_new_orders_from_israel,source
2026-03-09,1954,MMR,38.28,src_20261005_sipri_register-supplier-israel
2026-03-09,1957,NIC,2.4,src_20261005_sipri_register-supplier-israel
2026-03-09,1958,LKA,23,src_20261005_sipri_register-supplier-israel
2026-03-09,1959,GHA,0.02,src_20261005_sipri_register-supplier-israel
2026-03-09,1963,COD,3.36,src_20261005_sipri_register-supplier-israel
2026-03-09,1964,UGA,12,src_20261005_sipri_register-supplier-israel
2026-03-09,1965,DEU,128.75,src_20261005_sipri_register-supplier-israel
2026-03-09,1965,IND,80,src_20261005_sipri_register-supplier-israel
2026-03-09,1965,UGA,1,src_20261005_sipri_register-supplier-israel
2026-03-09,1966,UGA,0.38,src_20261005_sipri_register-supplier-israel
2026-03-09,1967,UGA,5,src_20261005_sipri_register-supplier-israel
2026-03-09,1968,SGP,14.4,src_20261005_sipri_register-supplier-israel
2026-03-09,1969,NPL,5.76,src_20261005_sipri_register-supplier-israel
2026-03-09,1969,UGA,4.03,src_20261005_sipri_register-supplier-israel
2026-03-09,1970,SGP,44.3,src_20261005_sipri_register-supplier-israel
2026-03-09,1971,SGP,38.25,src_20261005_sipri_register-supplier-israel
2026-03-09,1972,GHA,7,src_20261005_sipri_register-supplier-israel
2026-03-09,1972,MEX,13.75,src_20261005_sipri_register-supplier-israel
2026-03-09,1973,NIC,5.5,src_20261005_sipri_register-supplier-israel
2026-03-09,1973,SLV,50.620000000000005,src_20261005_sipri_register-supplier-israel
2026-03-09,1973,THA,9,src_20261005_sipri_register-supplier-israel
2026-03-09,1974,ECU,16.5,src_20261005_sipri_register-supplier-israel
2026-03-09,1974,GTM,27.5,src_20261005_sipri_register-supplier-israel
2026-03-09,1974,MEX,13.75,src_20261005_sipri_register-supplier-israel
2026-03-09,1974,THA,37.4,src_20261005_sipri_register-supplier-israel
2026-03-09,1974,VEN,1.2,src_20261005_sipri_register-supplier-israel
2026-03-09,1974,ZAF,553.3,src_20261005_sipri_register-supplier-israel
2026-03-09,1975,ECU,5.75,src_20261005_sipri_register-supplier-israel
2026-03-09,1975,SLV,0.4,src_20261005_sipri_register-supplier-israel
2026-03-09,1976,CHL,4,src_20261005_sipri_register-supplier-israel
2026-03-09,1976,GTM,1.2,src_20261005_sipri_register-supplier-israel
2026-03-09,1976,HND,52.92,src_20261005_sipri_register-supplier-israel
2026-03-09,1976,LSO,1.2,src_20261005_sipri_register-supplier-israel
2026-03-09,1976,SGP,32.3,src_20261005_sipri_register-supplier-israel
2026-03-09,1976,ZAF,20.4,src_20261005_sipri_register-supplier-israel
2026-03-09,1977,ARG,6,src_20261005_sipri_register-supplier-israel
2026-03-09,1977,CHL,10.2,src_20261005_sipri_register-supplier-israel
2026-03-09,1977,HND,13.2,src_20261005_sipri_register-supplier-israel
2026-03-09,1977,MEX,15,src_20261005_sipri_register-supplier-israel
2026-03-09,1978,ARG,117.52,src_20261005_sipri_register-supplier-israel
2026-03-09,1978,CHL,69,src_20261005_sipri_register-supplier-israel
2026-03-09,1978,ECU,10,src_20261005_sipri_register-supplier-israel
2026-03-09,1978,VEN,11,src_20261005_sipri_register-supplier-israel
2026-03-09,1978,ZWE,11.53,src_20261005_sipri_register-supplier-israel
2026-03-09,1979,CHL,60.8,src_20261005_sipri_register-supplier-israel
2026-03-09,1979,COL,8.25,src_20261005_sipri_register-supplier-israel
2026-03-09,1979,IDN,57.6,src_20261005_sipri_register-supplier-israel
2026-03-09,1979,SWZ,5.5,src_20261005_sipri_register-supplier-israel
2026-03-09,1979,VEN,8.25,src_20261005_sipri_register-supplier-israel
2026-03-09,1980,ARG,58.76,src_20261005_sipri_register-supplier-israel
2026-03-09,1980,CHL,2,src_20261005_sipri_register-supplier-israel
2026-03-09,1980,DEU,18.4,src_20261005_sipri_register-supplier-israel
2026-03-09,1980,HTI,2.75,src_20261005_sipri_register-supplier-israel
2026-03-09,1980,THA,8.25,src_20261005_sipri_register-supplier-israel
2026-03-09,1980,VEN,2.75,src_20261005_sipri_register-supplier-israel
2026-03-09,1980,ZAF,1.2,src_20261005_sipri_register-supplier-israel
2026-03-09,1981,ARG,8,src_20261005_sipri_register-supplier-israel
2026-03-09,1981,ECU,12.8,src_20261005_sipri_register-supplier-israel
2026-03-09,1981,IDN,61.2,src_20261005_sipri_register-supplier-israel
2026-03-09,1981,KEN,12,src_20261005_sipri_register-supplier-israel
2026-03-09,1982,ARG,92.4,src_20261005_sipri_register-supplier-israel
2026-03-09,1982,BRA,8.38,src_20261005_sipri_register-supplier-israel
2026-03-09,1982,ECU,108,src_20261005_sipri_register-supplier-israel
2026-03-09,1982,GTM,1.1,src_20261005_sipri_register-supplier-israel
2026-03-09,1982,VEN,22.5,src_20261005_sipri_register-supplier-israel
2026-03-09,1982,ZAF,621.6,src_20261005_sipri_register-supplier-israel
2026-03-09,1983,CHL,33,src_20261005_sipri_register-supplier-israel
2026-03-09,1983,MAR,28.8,src_20261005_sipri_register-supplier-israel
2026-03-09,1983,PHL,5.95,src_20261005_sipri_register-supplier-israel
2026-03-09,1983,ZAF,0.58,src_20261005_sipri_register-supplier-israel
2026-03-09,1984,PNG,8.25,src_20261005_sipri_register-supplier-israel
2026-03-09,1984,USA,57.6,src_20261005_sipri_register-supplier-israel
2026-03-09,1985,CHL,16,src_20261005_sipri_register-supplier-israel
2026-03-09,1985,CMR,4.07,src_20261005_sipri_register-supplier-israel
2026-03-09,1985,IRN,38.08,src_20261005_sipri_register-supplier-israel
2026-03-09,1985,ZAF,122.98,src_20261005_sipri_register-supplier-israel
2026-03-09,1986,CHL,4.6,src_20261005_sipri_register-supplier-israel
2026-03-09,1986,ECU,4.8,src_20261005_sipri_register-supplier-israel
2026-03-09,1986,IRN,5,src_20261005_sipri_register-supplier-israel
2026-03-09,1986,LKA,31.5,src_20261005_sipri_register-supplier-israel
2026-03-09,1986,SGP,28.5,src_20261005_sipri_register-supplier-israel
2026-03-09,1986,USA,67.2,src_20261005_sipri_register-supplier-israel
2026-03-09,1987,CHL,5,src_20261005_sipri_register-supplier-israel
2026-03-09,1987,MEX,11,src_20261005_sipri_register-supplier-israel
2026-03-09,1987,VEN,5.5,src_20261005_sipri_register-supplier-israel
2026-03-09,1988,AUS,40,src_20261005_sipri_register-supplier-israel
2026-03-09,1988,CHL,66.8,src_20261005_sipri_register-supplier-israel
2026-03-09,1988,COL,108.31,src_20261005_sipri_register-supplier-israel
2026-03-09,1988,SGP,4,src_20261005_sipri_register-supplier-israel
2026-03-09,1988,THA,27.2,src_20261005_sipri_register-supplier-israel
2026-03-09,1988,USA,77.4,src_20261005_sipri_register-supplier-israel
2026-03-09,1988,VEN,20,src_20261005_sipri_register-supplier-israel
2026-03-09,1989,ARG,12.5,src_20261005_sipri_register-supplier-israel
2026-03-09,1989,BEL,3.15,src_20261005_sipri_register-supplier-israel
2026-03-09,1989,CHL,157,src_20261005_sipri_register-supplier-israel
2026-03-09,1990,CHL,28,src_20261005_sipri_register-supplier-israel
2026-03-09,1990,CHN,330,src_20261005_sipri_register-supplier-israel
2026-03-09,1990,USA,313.5,src_20261005_sipri_register-supplier-israel
2026-03-09,1990,VEN,2.5,src_20261005_sipri_register-supplier-israel
2026-03-09,1991,BWA,0.96,src_20261005_sipri_register-supplier-israel
2026-03-09,1991,COL,10,src_20261005_sipri_register-supplier-israel
2026-03-09,1992,ERI,21,src_20261005_sipri_register-supplier-israel
2026-03-09,1992,SGP,66,src_20261005_sipri_register-supplier-israel
2026-03-09,1992,USA,18.6,src_20261005_sipri_register-supplier-israel
2026-03-09,1993,CHL,9,src_20261005_sipri_register-supplier-israel
2026-03-09,1993,EST,1.3,src_20261005_sipri_register-supplier-israel
2026-03-09,1993,ITA,34,src_20261005_sipri_register-supplier-israel
2026-03-09,1993,ROU,50,src_20261005_sipri_register-supplier-israel
2026-03-09,1993,SGP,69,src_20261005_sipri_register-supplier-israel
2026-03-09,1993,USA,45,src_20261005_sipri_register-supplier-israel
2026-03-09,1994,BRA,2,src_20261005_sipri_register-supplier-israel
2026-03-09,1994,CZE,4,src_20261005_sipri_register-supplier-israel
2026-03-09,1995,AUS,45,src_20261005_sipri_register-supplier-israel
2026-03-09,1995,ECU,26.200000000000003,src_20261005_sipri_register-supplier-israel
2026-03-09,1995,FRA,1.8,src_20261005_sipri_register-supplier-israel
2026-03-09,1995,LKA,234.2,src_20261005_sipri_register-supplier-israel
2026-03-09,1995,ROU,2,src_20261005_sipri_register-supplier-israel
2026-03-09,1995,SVN,14,src_20261005_sipri_register-supplier-israel
2026-03-09,1995,THA,5,src_20261005_sipri_register-supplier-israel
2026-03-09,1996,BRA,44,src_20261005_sipri_register-supplier-israel
2026-03-09,1996,CHE,5.6,src_20261005_sipri_register-supplier-israel
2026-03-09,1996,CHL,32,src_20261005_sipri_register-supplier-israel
2026-03-09,1996,CMR,12,src_20261005_sipri_register-supplier-israel
2026-03-09,1996,IND,10.8,src_20261005_sipri_register-supplier-israel
2026-03-09,1996,PER,1,src_20261005_sipri_register-supplier-israel
2026-03-09,1996,SGP,50,src_20261005_sipri_register-supplier-israel
2026-03-09,1996,SVN,23.25,src_20261005_sipri_register-supplier-israel
2026-03-09,1996,USA,63,src_20261005_sipri_register-supplier-israel
2026-03-09,1996,ZAF,9,src_20261005_sipri_register-supplier-israel
2026-03-09,1997,IND,114,src_20261005_sipri_register-supplier-israel
2026-03-09,1997,ITA,10,src_20261005_sipri_register-supplier-israel
2026-03-09,1997,KOR,130,src_20261005_sipri_register-supplier-israel
2026-03-09,1997,MAR,40,src_20261005_sipri_register-supplier-israel
2026-03-09,1997,MMR,4,src_20261005_sipri_register-supplier-israel
2026-03-09,1997,ROU,79.2,src_20261005_sipri_register-supplier-israel
2026-03-09,1997,SGP,102,src_20261005_sipri_register-supplier-israel
2026-03-09,1997,THA,2,src_20261005_sipri_register-supplier-israel
2026-03-09,1997,TUR,108,src_20261005_sipri_register-supplier-israel
2026-03-09,1997,URY,13.5,src_20261005_sipri_register-supplier-israel
2026-03-09,1997,VEN,4.5,src_20261005_sipri_register-supplier-israel
2026-03-09,1998,ARG,2.96,src_20261005_sipri_register-supplier-israel
2026-03-09,1998,BEL,5.4,src_20261005_sipri_register-supplier-israel
2026-03-09,1998,CHN,20,src_20261005_sipri_register-supplier-israel
2026-03-09,1998,IND,68,src_20261005_sipri_register-supplier-israel
2026-03-09,1998,LKA,10.5,src_20261005_sipri_register-supplier-israel
2026-03-09,1998,MMR,8.98,src_20261005_sipri_register-supplier-israel
2026-03-09,1998,ROU,60,src_20261005_sipri_register-supplier-israel
2026-03-09,1998,TUR,41.4,src_20261005_sipri_register-supplier-israel
2026-03-09,1998,USA,262.8,src_20261005_sipri_register-supplier-israel
2026-03-09,1999,CHL,6,src_20261005_sipri_register-supplier-israel
2026-03-09,1999,ECU,44.92,src_20261005_sipri_register-supplier-israel
2026-03-09,1999,FIN,1.2,src_20261005_sipri_register-supplier-israel
2026-03-09,1999,IND,71.1,src_20261005_sipri_register-supplier-israel
2026-03-09,1999,LKA,90.25,src_20261005_sipri_register-supplier-israel
2026-03-09,1999,SGP,45,src_20261005_sipri_register-supplier-israel
2026-03-09,1999,TUR,43.2,src_20261005_sipri_register-supplier-israel
2026-03-09,1999,USA,32,src_20261005_sipri_register-supplier-israel
2026-03-09,1999,VEN,35,src_20261005_sipri_register-supplier-israel
2026-03-09,2000,CHL,5,src_20261005_sipri_register-supplier-israel
2026-03-09,2000,CMR,6,src_20261005_sipri_register-supplier-israel
2026-03-09,2000,DEU,76.4,src_20261005_sipri_register-supplier-israel
2026-03-09,2000,ESP,2,src_20261005_sipri_register-supplier-israel
2026-03-09,2000,FIN,15,src_20261005_sipri_register-supplier-israel
2026-03-09,2000,GIN,0.57,src_20261005_sipri_register-supplier-israel
2026-03-09,2000,GRC,15,src_20261005_sipri_register-supplier-israel
2026-03-09,2000,IND,479.05,src_20261005_sipri_register-supplier-israel
2026-03-09,2000,ITA,4,src_20261005_sipri_register-supplier-israel
2026-03-09,2000,LKA,50,src_20261005_sipri_register-supplier-israel
2026-03-09,2000,ROU,10,src_20261005_sipri_register-supplier-israel
2026-03-09,2000,THA,1.2,src_20261005_sipri_register-supplier-israel
2026-03-09,2000,USA,59,src_20261005_sipri_register-supplier-israel
2026-03-09,2001,CHL,37.6,src_20261005_sipri_register-supplier-israel
2026-03-09,2001,COL,4,src_20261005_sipri_register-supplier-israel
2026-03-09,2001,ESP,25,src_20261005_sipri_register-supplier-israel
2026-03-09,2001,FRA,4.5,src_20261005_sipri_register-supplier-israel
2026-03-09,2001,IND,131,src_20261005_sipri_register-supplier-israel
2026-03-09,2001,ITA,6,src_20261005_sipri_register-supplier-israel
2026-03-09,2001,MEX,19.2,src_20261005_sipri_register-supplier-israel
2026-03-09,2001,NLD,72,src_20261005_sipri_register-supplier-israel
2026-03-09,2001,PHL,0.3,src_20261005_sipri_register-supplier-israel
2026-03-09,2001,USA,87,src_20261005_sipri_register-supplier-israel
2026-03-09,2002,BRA,34,src_20261005_sipri_register-supplier-israel
2026-03-09,2002,COL,21,src_20261005_sipri_register-supplier-israel
2026-03-09,2002,CYP,0.6,src_20261005_sipri_register-supplier-israel
2026-03-09,2002,FIN,12,src_20261005_sipri_register-supplier-israel
2026-03-09,2002,IND,62.4,src_20261005_sipri_register-supplier-israel
2026-03-09,2002,MEX,88.38,src_20261005_sipri_register-supplier-israel
2026-03-09,2002,SWE,14,src_20261005_sipri_register-supplier-israel
2026-03-09,2002,TUR,516.8,src_20261005_sipri_register-supplier-israel
2026-03-09,2002,UGA,18,src_20261005_sipri_register-supplier-israel
2026-03-09,2002,USA,158.65,src_20261005_sipri_register-supplier-israel
2026-03-09,2003,CHL,64,src_20261005_sipri_register-supplier-israel
2026-03-09,2003,CIV,0.2,src_20261005_sipri_register-supplier-israel
2026-03-09,2003,FIN,1.2,src_20261005_sipri_register-supplier-israel
2026-03-09,2003,IND,204,src_20261005_sipri_register-supplier-israel
2026-03-09,2003,MEX,69.6,src_20261005_sipri_register-supplier-israel
2026-03-09,2003,POL,80.25,src_20261005_sipri_register-supplier-israel
2026-03-09,2003,THA,10.6,src_20261005_sipri_register-supplier-israel
2026-03-09,2003,UGA,3.75,src_20261005_sipri_register-supplier-israel
2026-03-09,2003,USA,24,src_20261005_sipri_register-supplier-israel
2026-03-09,2003,VEN,9.18,src_20261005_sipri_register-supplier-israel
2026-03-09,2004,AGO,11.84,src_20261005_sipri_register-supplier-israel
2026-03-09,2004,COL,5,src_20261005_sipri_register-supplier-israel
2026-03-09,2004,ECU,3,src_20261005_sipri_register-supplier-israel
2026-03-09,2004,ESP,20,src_20261005_sipri_register-supplier-israel
2026-03-09,2004,GEO,0.2,src_20261005_sipri_register-supplier-israel
2026-03-09,2004,GNQ,10.5,src_20261005_sipri_register-supplier-israel
2026-03-09,2004,IND,227.5,src_20261005_sipri_register-supplier-israel
2026-03-09,2004,LKA,12.21,src_20261005_sipri_register-supplier-israel
2026-03-09,2004,MEX,26.4,src_20261005_sipri_register-supplier-israel
2026-03-09,2004,MUS,2.5,src_20261005_sipri_register-supplier-israel
2026-03-09,2004,USA,8.2,src_20261005_sipri_register-supplier-israel
2026-03-09,2005,AUS,37,src_20261005_sipri_register-supplier-israel
2026-03-09,2005,AZE,20.7,src_20261005_sipri_register-supplier-israel
2026-03-09,2005,BRA,22.5,src_20261005_sipri_register-supplier-israel
2026-03-09,2005,FRA,9,src_20261005_sipri_register-supplier-israel
2026-03-09,2005,GBR,108,src_20261005_sipri_register-supplier-israel
2026-03-09,2005,HUN,5,src_20261005_sipri_register-supplier-israel
2026-03-09,2005,IND,63,src_20261005_sipri_register-supplier-israel
2026-03-09,2005,ITA,80,src_20261005_sipri_register-supplier-israel
2026-03-09,2005,NLD,24,src_20261005_sipri_register-supplier-israel
2026-03-09,2005,NZL,15,src_20261005_sipri_register-supplier-israel
2026-03-09,2005,ROU,30,src_20261005_sipri_register-supplier-israel
2026-03-09,2005,SGP,60,src_20261005_sipri_register-supplier-israel
2026-03-09,2005,TUR,30,src_20261005_sipri_register-supplier-israel
2026-03-09,2005,USA,24,src_20261005_sipri_register-supplier-israel
2026-03-09,2006,BEL,19.2,src_20261005_sipri_register-supplier-israel
2026-03-09,2006,BRA,130,src_20261005_sipri_register-supplier-israel
2026-03-09,2006,CMR,2.8,src_20261005_sipri_register-supplier-israel
2026-03-09,2006,COL,15,src_20261005_sipri_register-supplier-israel
2026-03-09,2006,ESP,78.9,src_20261005_sipri_register-supplier-israel
2026-03-09,2006,FIN,12,src_20261005_sipri_register-supplier-israel
2026-03-09,2006,GBR,27,src_20261005_sipri_register-supplier-israel
2026-03-09,2006,GEO,3.6,src_20261005_sipri_register-supplier-israel
2026-03-09,2006,HRV,4,src_20261005_sipri_register-supplier-israel
2026-03-09,2006,IDN,1.2,src_20261005_sipri_register-supplier-israel
2026-03-09,2006,IND,138,src_20261005_sipri_register-supplier-israel
2026-03-09,2006,ITA,2,src_20261005_sipri_register-supplier-israel
2026-03-09,2006,KAZ,43.800000000000004,src_20261005_sipri_register-supplier-israel
2026-03-09,2006,LKA,0.3,src_20261005_sipri_register-supplier-israel
2026-03-09,2006,LSO,0.72,src_20261005_sipri_register-supplier-israel
2026-03-09,2006,MMR,1,src_20261005_sipri_register-supplier-israel
2026-03-09,2006,NGA,0.9,src_20261005_sipri_register-supplier-israel
2026-03-09,2006,NLD,22,src_20261005_sipri_register-supplier-israel
2026-03-09,2006,PRT,16.35,src_20261005_sipri_register-supplier-israel
2026-03-09,2006,SGP,40,src_20261005_sipri_register-supplier-israel
2026-03-09,2006,SVN,3,src_20261005_sipri_register-supplier-israel
2026-03-09,2006,TCD,0.72,src_20261005_sipri_register-supplier-israel
2026-03-09,2006,USA,15,src_20261005_sipri_register-supplier-israel
2026-03-09,2006,VNM,18,src_20261005_sipri_register-supplier-israel
2026-03-09,2007,AUS,40,src_20261005_sipri_register-supplier-israel
2026-03-09,2007,AZE,0.4,src_20261005_sipri_register-supplier-israel
2026-03-09,2007,BRA,5,src_20261005_sipri_register-supplier-israel
2026-03-09,2007,COL,224.73,src_20261005_sipri_register-supplier-israel
2026-03-09,2007,ESP,16.8,src_20261005_sipri_register-supplier-israel
2026-03-09,2007,GBR,66.24000000000001,src_20261005_sipri_register-supplier-israel
2026-03-09,2007,GEO,44.75,src_20261005_sipri_register-supplier-israel
2026-03-09,2007,IND,181,src_20261005_sipri_register-supplier-israel
2026-03-09,2007,KAZ,22,src_20261005_sipri_register-supplier-israel
2026-03-09,2007,LKA,0.6,src_20261005_sipri_register-supplier-israel
2026-03-09,2007,MMR,5.94,src_20261005_sipri_register-supplier-israel
2026-03-09,2007,PRT,12.5,src_20261005_sipri_register-supplier-israel
2026-03-09,2007,RWA,11,src_20261005_sipri_register-supplier-israel
2026-03-09,2007,SGP,140,src_20261005_sipri_register-supplier-israel
2026-03-09,2007,TCD,3.72,src_20261005_sipri_register-supplier-israel
2026-03-09,2007,TUR,3.3,src_20261005_sipri_register-supplier-israel
2026-03-09,2007,USA,18.6,src_20261005_sipri_register-supplier-israel
2026-03-09,2008,AZE,33.95,src_20261005_sipri_register-supplier-israel
2026-03-09,2008,BGR,3.5,src_20261005_sipri_register-supplier-israel
2026-03-09,2008,CAN,9,src_20261005_sipri_register-supplier-israel
2026-03-09,2008,CHL,36,src_20261005_sipri_register-supplier-israel
2026-03-09,2008,CMR,0.6,src_20261005_sipri_register-supplier-israel
2026-03-09,2008,ECU,7.2,src_20261005_sipri_register-supplier-israel
2026-03-09,2008,FIN,10,src_20261005_sipri_register-supplier-israel
2026-03-09,2008,GEO,2.08,src_20261005_sipri_register-supplier-israel
2026-03-09,2008,GNQ,45,src_20261005_sipri_register-supplier-israel
2026-03-09,2008,IND,1288.75,src_20261005_sipri_register-supplier-israel
2026-03-09,2008,LVA,1.8,src_20261005_sipri_register-supplier-israel
2026-03-09,2008,MEX,4,src_20261005_sipri_register-supplier-israel
2026-03-09,2008,MKD,6,src_20261005_sipri_register-supplier-israel
2026-03-09,2008,NGA,5.25,src_20261005_sipri_register-supplier-israel
2026-03-09,2008,PRT,12,src_20261005_sipri_register-supplier-israel
2026-03-09,2008,SGP,80.75,src_20261005_sipri_register-supplier-israel
2026-03-09,2008,SLV,3.3,src_20261005_sipri_register-supplier-israel
2026-03-09,2008,TUR,0.3,src_20261005_sipri_register-supplier-israel
2026-03-09,2008,UGA,10.05,src_20261005_sipri_register-supplier-israel
2026-03-09,2009,AUS,30,src_20261005_sipri_register-supplier-israel
2026-03-09,2009,BRA,16,src_20261005_sipri_register-supplier-israel
2026-03-09,2009,COL,41.9,src_20261005_sipri_register-supplier-israel
2026-03-09,2009,CZE,109.2,src_20261005_sipri_register-supplier-israel
2026-03-09,2009,DEU,64,src_20261005_sipri_register-supplier-israel
2026-03-09,2009,FRA,3,src_20261005_sipri_register-supplier-israel
2026-03-09,2009,GBR,30,src_20261005_sipri_register-supplier-israel
2026-03-09,2009,IND,3497,src_20261005_sipri_register-supplier-israel
2026-03-09,2009,ITA,29.7,src_20261005_sipri_register-supplier-israel
2026-03-09,2009,KOR,155,src_20261005_sipri_register-supplier-israel
2026-03-09,2009,LKA,31.5,src_20261005_sipri_register-supplier-israel
2026-03-09,2009,NLD,0.5,src_20261005_sipri_register-supplier-israel
2026-03-09,2009,PER,15.48,src_20261005_sipri_register-supplier-israel
2026-03-09,2009,ROU,0.48,src_20261005_sipri_register-supplier-israel
2026-03-09,2009,RUS,1.4,src_20261005_sipri_register-supplier-israel
2026-03-09,2009,TUR,163.8,src_20261005_sipri_register-supplier-israel
2026-03-09,2009,ZAF,10,src_20261005_sipri_register-supplier-israel
2026-03-09,2010,AZE,1,src_20261005_sipri_register-supplier-israel
2026-03-09,2010,BRA,27.4,src_20261005_sipri_register-supplier-israel
2026-03-09,2010,COL,28.2,src_20261005_sipri_register-supplier-israel
2026-03-09,2010,DNK,5,src_20261005_sipri_register-supplier-israel
2026-03-09,2010,DOM,33,src_20261005_sipri_register-supplier-israel
2026-03-09,2010,IND,61.6,src_20261005_sipri_register-supplier-israel
2026-03-09,2010,ITA,45,src_20261005_sipri_register-supplier-israel
2026-03-09,2010,RUS,3,src_20261005_sipri_register-supplier-israel
2026-03-09,2010,SGP,30,src_20261005_sipri_register-supplier-israel
2026-03-09,2010,USA,250,src_20261005_sipri_register-supplier-israel
2026-03-09,2010,VNM,21,src_20261005_sipri_register-supplier-israel
2026-03-09,2011,AZE,139.5,src_20261005_sipri_register-supplier-israel
2026-03-09,2011,CHL,9,src_20261005_sipri_register-supplier-israel
2026-03-09,2011,HND,13,src_20261005_sipri_register-supplier-israel
2026-03-09,2011,IND,30,src_20261005_sipri_register-supplier-israel
2026-03-09,2011,KOR,11.65,src_20261005_sipri_register-supplier-israel
2026-03-09,2011,PRY,12,src_20261005_sipri_register-supplier-israel
2026-03-09,2011,RWA,3.75,src_20261005_sipri_register-supplier-israel
2026-03-09,2012,BRA,4,src_20261005_sipri_register-supplier-israel
2026-03-09,2012,COL,9,src_20261005_sipri_register-supplier-israel
2026-03-09,2012,DNK,12,src_20261005_sipri_register-supplier-israel
2026-03-09,2012,ETH,10.5,src_20261005_sipri_register-supplier-israel
2026-03-09,2012,GBR,10,src_20261005_sipri_register-supplier-israel
2026-03-09,2012,IND,325,src_20261005_sipri_register-supplier-israel
2026-03-09,2012,ITA,120,src_20261005_sipri_register-supplier-israel
2026-03-09,2012,NGA,15.75,src_20261005_sipri_register-supplier-israel
2026-03-09,2012,RWA,9,src_20261005_sipri_register-supplier-israel
2026-03-09,2012,SGP,30,src_20261005_sipri_register-supplier-israel
2026-03-09,2012,SYC,2.5,src_20261005_sipri_register-supplier-israel
2026-03-09,2012,THA,7.02,src_20261005_sipri_register-supplier-israel
2026-03-09,2012,USA,7.5,src_20261005_sipri_register-supplier-israel
2026-03-09,2012,VNM,33.5,src_20261005_sipri_register-supplier-israel
2026-03-09,2013,AZE,428.5,src_20261005_sipri_register-supplier-israel
2026-03-09,2013,BEL,7.2,src_20261005_sipri_register-supplier-israel
2026-03-09,2013,BRA,3,src_20261005_sipri_register-supplier-israel
2026-03-09,2013,CMR,0.7,src_20261005_sipri_register-supplier-israel
2026-03-09,2013,COL,16.28,src_20261005_sipri_register-supplier-israel
2026-03-09,2013,IND,120,src_20261005_sipri_register-supplier-israel
2026-03-09,2013,KOR,9,src_20261005_sipri_register-supplier-israel
2026-03-09,2013,LTU,8,src_20261005_sipri_register-supplier-israel
2026-03-09,2013,MEX,21,src_20261005_sipri_register-supplier-israel
2026-03-09,2013,SEN,0.6,src_20261005_sipri_register-supplier-israel
2026-03-09,2013,SLV,1.12,src_20261005_sipri_register-supplier-israel
2026-03-09,2013,THA,0.5,src_20261005_sipri_register-supplier-israel
2026-03-09,2014,AZE,86,src_20261005_sipri_register-supplier-israel
2026-03-09,2014,BRA,10.5,src_20261005_sipri_register-supplier-israel
2026-03-09,2014,CMR,1.12,src_20261005_sipri_register-supplier-israel
2026-03-09,2014,IND,38,src_20261005_sipri_register-supplier-israel
2026-03-09,2014,JOR,48,src_20261005_sipri_register-supplier-israel
2026-03-09,2014,MUS,2.5,src_20261005_sipri_register-supplier-israel
2026-03-09,2014,PER,10.5,src_20261005_sipri_register-supplier-israel
2026-03-09,2014,PHL,26.4,src_20261005_sipri_register-supplier-israel
2026-03-09,2014,SEN,0.91,src_20261005_sipri_register-supplier-israel
2026-03-09,2014,SGP,25,src_20261005_sipri_register-supplier-israel
2026-03-09,2015,AGO,21,src_20261005_sipri_register-supplier-israel
2026-03-09,2015,AZE,23.1,src_20261005_sipri_register-supplier-israel
2026-03-09,2015,CAN,125,src_20261005_sipri_register-supplier-israel
2026-03-09,2015,CHE,18,src_20261005_sipri_register-supplier-israel
2026-03-09,2015,CMR,1.12,src_20261005_sipri_register-supplier-israel
2026-03-09,2015,CYP,22.5,src_20261005_sipri_register-supplier-israel
2026-03-09,2015,CZE,6.9,src_20261005_sipri_register-supplier-israel
2026-03-09,2015,IND,75,src_20261005_sipri_register-supplier-israel
2026-03-09,2015,KOR,39,src_20261005_sipri_register-supplier-israel
2026-03-09,2015,MEX,8,src_20261005_sipri_register-supplier-israel
2026-03-09,2015,MMR,42,src_20261005_sipri_register-supplier-israel
2026-03-09,2015,PHL,43.08,src_20261005_sipri_register-supplier-israel
2026-03-09,2015,POL,30,src_20261005_sipri_register-supplier-israel
2026-03-09,2015,ROU,30,src_20261005_sipri_register-supplier-israel
2026-03-09,2015,SEN,6,src_20261005_sipri_register-supplier-israel
2026-03-09,2015,SGP,62.5,src_20261005_sipri_register-supplier-israel
2026-03-09,2015,TCD,1.32,src_20261005_sipri_register-supplier-israel
2026-03-09,2015,THA,14.04,src_20261005_sipri_register-supplier-israel
2026-03-09,2015,TKM,0.14,src_20261005_sipri_register-supplier-israel
2026-03-09,2015,VNM,468.75,src_20261005_sipri_register-supplier-israel
2026-03-09,2016,AZE,52.5,src_20261005_sipri_register-supplier-israel
2026-03-09,2016,BWA,27,src_20261005_sipri_register-supplier-israel
2026-03-09,2016,DEU,9,src_20261005_sipri_register-supplier-israel
2026-03-09,2016,DNK,5,src_20261005_sipri_register-supplier-israel
2026-03-09,2016,HND,22.5,src_20261005_sipri_register-supplier-israel
2026-03-09,2016,IND,20,src_20261005_sipri_register-supplier-israel
2026-03-09,2016,LTU,83.8,src_20261005_sipri_register-supplier-israel
2026-03-09,2016,PER,0.84,src_20261005_sipri_register-supplier-israel
2026-03-09,2016,PHL,5.4,src_20261005_sipri_register-supplier-israel
2026-03-09,2016,SGP,10,src_20261005_sipri_register-supplier-israel
2026-03-09,2016,THA,8.5,src_20261005_sipri_register-supplier-israel
2026-03-09,2016,UGA,0.3,src_20261005_sipri_register-supplier-israel
2026-03-09,2016,USA,85,src_20261005_sipri_register-supplier-israel
2026-03-09,2016,ZMB,6,src_20261005_sipri_register-supplier-israel
2026-03-09,2017,AZE,99.6,src_20261005_sipri_register-supplier-israel
2026-03-09,2017,CAN,40,src_20261005_sipri_register-supplier-israel
2026-03-09,2017,COL,9.8,src_20261005_sipri_register-supplier-israel
2026-03-09,2017,CZE,4,src_20261005_sipri_register-supplier-israel
2026-03-09,2017,DEU,30,src_20261005_sipri_register-supplier-israel
2026-03-09,2017,DNK,3.75,src_20261005_sipri_register-supplier-israel
2026-03-09,2017,HRV,4.8,src_20261005_sipri_register-supplier-israel
2026-03-09,2017,KAZ,2.8,src_20261005_sipri_register-supplier-israel
2026-03-09,2017,MEX,0.2,src_20261005_sipri_register-supplier-israel
2026-03-09,2017,NLD,4.92,src_20261005_sipri_register-supplier-israel
2026-03-09,2017,PHL,2.5,src_20261005_sipri_register-supplier-israel
2026-03-09,2017,ROU,0,src_20261005_sipri_register-supplier-israel
2026-03-09,2017,SGP,5,src_20261005_sipri_register-supplier-israel
2026-03-09,2017,THA,52,src_20261005_sipri_register-supplier-israel
2026-03-09,2018,CYP,0.4,src_20261005_sipri_register-supplier-israel
2026-03-09,2018,DEU,47.5,src_20261005_sipri_register-supplier-israel
2026-03-09,2018,ESP,0.9,src_20261005_sipri_register-supplier-israel
2026-03-09,2018,FIN,90,src_20261005_sipri_register-supplier-israel
2026-03-09,2018,IND,32.75,src_20261005_sipri_register-supplier-israel
2026-03-09,2018,LVA,15.5,src_20261005_sipri_register-supplier-israel
2026-03-09,2018,MMR,1.8,src_20261005_sipri_register-supplier-israel
2026-03-09,2018,PHL,8,src_20261005_sipri_register-supplier-israel
2026-03-09,2018,ROU,76.2,src_20261005_sipri_register-supplier-israel
2026-03-09,2018,THA,19.02,src_20261005_sipri_register-supplier-israel
2026-03-09,2018,VNM,9,src_20261005_sipri_register-supplier-israel
2026-03-09,2019,AZE,15,src_20261005_sipri_register-supplier-israel
2026-03-09,2019,CIV,26.4,src_20261005_sipri_register-supplier-israel
2026-03-09,2019,COL,0.9,src_20261005_sipri_register-supplier-israel
2026-03-09,2019,CZE,100,src_20261005_sipri_register-supplier-israel
2026-03-09,2019,DEU,45,src_20261005_sipri_register-supplier-israel
2026-03-09,2019,EST,9,src_20261005_sipri_register-supplier-israel
2026-03-09,2019,FIN,45,src_20261005_sipri_register-supplier-israel
2026-03-09,2019,GBR,270,src_20261005_sipri_register-supplier-israel
2026-03-09,2019,IDN,13.8,src_20261005_sipri_register-supplier-israel
2026-03-09,2019,IND,107.8,src_20261005_sipri_register-supplier-israel
2026-03-09,2019,IRL,5,src_20261005_sipri_register-supplier-israel
2026-03-09,2019,ITA,24,src_20261005_sipri_register-supplier-israel
2026-03-09,2019,PHL,268.25,src_20261005_sipri_register-supplier-israel
2026-03-09,2019,SEN,22.85,src_20261005_sipri_register-supplier-israel
2026-03-09,2019,SGP,0,src_20261005_sipri_register-supplier-israel
2026-03-09,2019,THA,45.06,src_20261005_sipri_register-supplier-israel
2026-03-09,2019,USA,311.53999999999996,src_20261005_sipri_register-supplier-israel
2026-03-09,2019,ZMB,1.4,src_20261005_sipri_register-supplier-israel
2026-03-09,2020,CZE,50,src_20261005_sipri_register-supplier-israel
2026-03-09,2020,EST,3,src_20261005_sipri_register-supplier-israel
2026-03-09,2020,GRC,6,src_20261005_sipri_register-supplier-israel
2026-03-09,2020,HUN,137.5,src_20261005_sipri_register-supplier-israel
2026-03-09,2020,IND,209.5,src_20261005_sipri_register-supplier-israel
2026-03-09,2020,KOR,40,src_20261005_sipri_register-supplier-israel
2026-03-09,2020,PHL,57.95,src_20261005_sipri_register-supplier-israel
2026-03-09,2020,SVK,3,src_20261005_sipri_register-supplier-israel
2026-03-09,2020,SWE,0,src_20261005_sipri_register-supplier-israel
2026-03-09,2020,THA,6,src_20261005_sipri_register-supplier-israel
2026-03-09,2020,TKM,2.06,src_20261005_sipri_register-supplier-israel
2026-03-09,2020,ZMB,8.4,src_20261005_sipri_register-supplier-israel
2026-03-09,2021,BRA,9,src_20261005_sipri_register-supplier-israel
2026-03-09,2021,CYP,114.5,src_20261005_sipri_register-supplier-israel
2026-03-09,2021,CZE,180,src_20261005_sipri_register-supplier-israel
2026-03-09,2021,DEU,22.98,src_20261005_sipri_register-supplier-israel
2026-03-09,2021,DNK,12,src_20261005_sipri_register-supplier-israel
2026-03-09,2021,EST,101.25,src_20261005_sipri_register-supplier-israel
2026-03-09,2021,GRC,6,src_20261005_sipri_register-supplier-israel
2026-03-09,2021,IND,525,src_20261005_sipri_register-supplier-israel
2026-03-09,2021,MKD,1.5,src_20261005_sipri_register-supplier-israel
2026-03-09,2021,NLD,60,src_20261005_sipri_register-supplier-israel
2026-03-09,2021,PHL,81.4,src_20261005_sipri_register-supplier-israel
2026-03-09,2021,SVK,137.5,src_20261005_sipri_register-supplier-israel
2026-03-09,2021,THA,4,src_20261005_sipri_register-supplier-israel
2026-03-09,2021,UGA,2.5,src_20261005_sipri_register-supplier-israel
2026-03-09,2021,USA,102.3,src_20261005_sipri_register-supplier-israel
2026-03-09,2022,ARE,187.5,src_20261005_sipri_register-supplier-israel
2026-03-09,2022,CYP,10.5,src_20261005_sipri_register-supplier-israel
2026-03-09,2022,DEU,10,src_20261005_sipri_register-supplier-israel
2026-03-09,2022,DNK,22.23,src_20261005_sipri_register-supplier-israel
2026-03-09,2022,ECU,13.64,src_20261005_sipri_register-supplier-israel
2026-03-09,2022,ESP,60,src_20261005_sipri_register-supplier-israel
2026-03-09,2022,FIN,41,src_20261005_sipri_register-supplier-israel
2026-03-09,2022,IND,13,src_20261005_sipri_register-supplier-israel
2026-03-09,2022,IRQ,15.12,src_20261005_sipri_register-supplier-israel
2026-03-09,2022,ITA,4.95,src_20261005_sipri_register-supplier-israel
2026-03-09,2022,LTU,25.650000000000002,src_20261005_sipri_register-supplier-israel
2026-03-09,2022,MAR,343.5,src_20261005_sipri_register-supplier-israel
2026-03-09,2022,PHL,25,src_20261005_sipri_register-supplier-israel
2026-03-09,2022,POL,24,src_20261005_sipri_register-supplier-israel
2026-03-09,2022,ROU,18,src_20261005_sipri_register-supplier-israel
2026-03-09,2022,SLV,0.7,src_20261005_sipri_register-supplier-israel
2026-03-09,2022,SRB,0,src_20261005_sipri_register-supplier-israel
2026-03-09,2022,THA,21,src_20261005_sipri_register-supplier-israel
2026-03-09,2023,AUS,0,src_20261005_sipri_register-supplier-israel
2026-03-09,2023,AZE,0,src_20261005_sipri_register-supplier-israel
2026-03-09,2023,CZE,28.8,src_20261005_sipri_register-supplier-israel
2026-03-09,2023,DEU,5400,src_20261005_sipri_register-supplier-israel
2026-03-09,2023,DNK,74.6,src_20261005_sipri_register-supplier-israel
2026-03-09,2023,EST,0,src_20261005_sipri_register-supplier-israel
2026-03-09,2023,FIN,0,src_20261005_sipri_register-supplier-israel
2026-03-09,2023,GRC,103.3,src_20261005_sipri_register-supplier-israel
2026-03-09,2023,HRV,0,src_20261005_sipri_register-supplier-israel
2026-03-09,2023,HUN,1,src_20261005_sipri_register-supplier-israel
2026-03-09,2023,IND,0,src_20261005_sipri_register-supplier-israel
2026-03-09,2023,MAR,127.44,src_20261005_sipri_register-supplier-israel
2026-03-09,2023,MDA,4.68,src_20261005_sipri_register-supplier-israel
2026-03-09,2023,MNE,0,src_20261005_sipri_register-supplier-israel
2026-03-09,2023,NLD,184,src_20261005_sipri_register-supplier-israel
2026-03-09,2023,POL,54,src_20261005_sipri_register-supplier-israel
2026-03-09,2023,SGP,125,src_20261005_sipri_register-supplier-israel
2026-03-09,2023,SRB,0,src_20261005_sipri_register-supplier-israel
2026-03-09,2023,SVK,0,src_20261005_sipri_register-supplier-israel
2026-03-09,2024,AUT,165,src_20261005_sipri_register-supplier-israel
2026-03-09,2024,AZE,121.8,src_20261005_sipri_register-supplier-israel
2026-03-09,2024,CHE,0,src_20261005_sipri_register-supplier-israel
2026-03-09,2024,KEN,45,src_20261005_sipri_register-supplier-israel
2026-03-09,2024,LBR,0.24,src_20261005_sipri_register-supplier-israel
2026-03-09,2024,NLD,0,src_20261005_sipri_register-supplier-israel
2026-03-09,2024,PHL,5,src_20261005_sipri_register-supplier-israel
2026-03-09,2024,PRT,0,src_20261005_sipri_register-supplier-israel
2026-03-09,2024,ROU,0,src_20261005_sipri_register-supplier-israel
2026-03-09,2024,SRB,0,src_20261005_sipri_register-supplier-israel
2026-03-09,2024,SVK,282,src_20261005_sipri_register-supplier-israel
2026-03-09,2024,SWE,0,src_20261005_sipri_register-supplier-israel
2026-03-09,2024,USA,288,src_20261005_sipri_register-supplier-israel
2026-03-09,2025,DEU,281,src_20261005_sipri_register-supplier-israel
2026-03-09,2025,GRC,79.2,src_20261005_sipri_register-supplier-israel
2026-03-09,2025,IND,0,src_20261005_sipri_register-supplier-israel
2026-03-09,2025,KOR,140,src_20261005_sipri_register-supplier-israel
2026-03-09,2025,LTU,3.75,src_20261005_sipri_register-supplier-israel
2026-03-09,2025,LVA,50.4,src_20261005_sipri_register-supplier-israel
2026-03-09,2025,MAR,45,src_20261005_sipri_register-supplier-israel
2026-03-09,2025,PER,22.8,src_20261005_sipri_register-supplier-israel
2026-03-09,2025,PHL,24,src_20261005_sipri_register-supplier-israel
2026-03-09,2025,POL,0,src_20261005_sipri_register-supplier-israel
2026-03-09,2025,ROU,192,src_20261005_sipri_register-supplier-israel
2026-03-09,2025,SGP,15,src_20261005_sipri_register-supplier-israel
2026-03-09,2025,THA,114.5,src_20261005_sipri_register-supplier-israel
