date,draft,vetoed_by,ceasefire,source
2023-10-18,S/2023/773,USA,true,src_20231018_undocs_s-pv-9442
2023-10-25,S/2023/792,CHN,true,src_20231025_undocs_s-pv-9453
2023-10-25,S/2023/792,RUS,true,src_20231025_undocs_s-pv-9453
2023-12-08,S/2023/970,USA,true,src_20231208_undocs_s-pv-9499
2023-12-22,S/2023/1029,USA,false,src_20231222_undocs_s-pv-9520
2024-02-20,S/2024/173,USA,true,src_20240220_undocs_s-pv-9552
2024-03-22,S/2024/239,CHN,true,src_20240322_undocs_s-pv-9584
2024-03-22,S/2024/239,RUS,true,src_20240322_undocs_s-pv-9584
2024-04-18,S/2024/312,USA,false,src_20240418_undocs_s-pv-9609
2024-11-20,S/2024/835,USA,true,src_20241120_undocs_s-pv-9790
2025-06-04,S/2025/353,USA,true,src_20250604_undocs_s-pv-9929
2025-09-18,S/2025/583,USA,true,src_20250918_undocs_s-pv-10000
